M00001,cisco_router,2024-08-09,90,Плохое,Запланировано,hardware diagnostics,85,В эксплуатации
M00002,cisco_switch,2024-10-28,60,Плохое,Запланировано,software update,80,На складе
M00003,scaner,2024-07-24,90,Плохое,Отложено,error log analysis,78,В ремонте
M00004,printer,2025-02-16,60,Удовлетворительное,Запланировано,error log analysis,88,На складе
M00005,scaner,2024-09-21,90,Плохое,Запланировано,thermalpaste replace,100,В ремонте
M00006,cisco_switch,2024-07-18,30,Плохое,Выполнено,software update,81,В ремонте
M00007,nas,2025-02-09,60,Удовлетворительное,Не выполнено,port testing,96,В ремонте
M00008,cisco_switch,2024-09-24,60,Удовлетворительное,Не выполнено,port testing,95,В ремонте
M00009,printer,2025-02-07,60,Удовлетворительное,Не выполнено,software update,96,На складе
M00010,ip_phone,2024-04-24,90,Плохое,Отложено,hardware diagnostics,76,На складе
M00011,cisco_router,2024-07-21,30,Хорошее,Не выполнено,error log analysis,81,В эксплуатации
M00012,printer,2024-08-31,90,Удовлетворительное,Отложено,dust cleaning,98,В ремонте
M00013,pc,2024-08-24,60,Плохое,Не выполнено,port testing,95,В ремонте
M00014,printer,2024-08-10,30,Плохое,Выполнено,thermalpaste replace,77,В эксплуатации
M00015,ip_phone,2024-11-21,60,Хорошее,Выполнено,software update,81,В ремонте
M00016,cisco_router,2024-04-15,60,Удовлетворительное,Отложено,dust cleaning,87,На складе
M00017,ip_phone,2024-06-16,30,Плохое,Отложено,dust cleaning,81,В эксплуатации
M00018,cisco_router,2024-04-26,30,Удовлетворительное,Запланировано,port testing,79,На складе
M00019,nas,2024-08-28,90,Хорошее,Запланировано,dust cleaning,99,В ремонте
M00020,nas,2024-05-10,90,Плохое,Запланировано,hardware diagnostics,81,В ремонте
M00021,pc,2025-03-16,30,Плохое,Отложено,dust cleaning,81,В ремонте
M00022,pc,2024-08-06,60,Удовлетворительное,Отложено,port testing,89,В ремонте
M00023,cisco_switch,2024-08-30,60,Удовлетворительное,Запланировано,thermalpaste replace,90,В ремонте
M00024,ip_phone,2024-04-30,30,Плохое,Отложено,port testing,96,В эксплуатации
M00025,cisco_switch,2025-01-04,30,Удовлетворительное,Выполнено,error log analysis,97,На складе
M00026,scaner,2024-06-09,30,Плохое,Отложено,hardware diagnostics,95,В ремонте
M00027,cisco_router,2025-04-18,60,Удовлетворительное,Отложено,dust cleaning,93,На складе
M00028,scaner,2025-05-03,90,Удовлетворительное,Выполнено,error log analysis,84,В ремонте
M00029,cisco_switch,2024-07-07,60,Удовлетворительное,Отложено,software update,87,В ремонте
M00030,printer,2024-08-07,30,Удовлетворительное,Отложено,port testing,88,В эксплуатации
M00031,printer,2024-07-21,60,Удовлетворительное,Отложено,thermalpaste replace,85,В ремонте
M00032,pc,2025-02-25,90,Удовлетворительное,Отложено,hardware diagnostics,92,В эксплуатации
M00033,pc,2024-10-05,30,Удовлетворительное,Запланировано,thermalpaste replace,85,В ремонте
M00034,ip_phone,2024-12-06,30,Плохое,Не выполнено,dust cleaning,86,На складе
M00035,cisco_switch,2024-10-05,90,Хорошее,Выполнено,dust cleaning,84,В эксплуатации
M00036,pc,2024-09-21,30,Хорошее,Выполнено,software update,99,В ремонте
M00037,nas,2024-12-04,90,Хорошее,Запланировано,thermalpaste replace,82,На складе
M00038,cisco_switch,2024-07-27,90,Удовлетворительное,Выполнено,hardware diagnostics,82,На складе
M00039,ip_phone,2024-08-25,30,Хорошее,Отложено,hardware diagnostics,94,На складе
M00040,cisco_router,2025-04-05,30,Плохое,Запланировано,hardware diagnostics,89,На складе
M00041,printer,2024-09-01,90,Хорошее,Не выполнено,port testing,78,В эксплуатации
M00042,printer,2024-09-30,30,Хорошее,Выполнено,software update,100,В ремонте
M00043,cisco_switch,2025-05-22,90,Удовлетворительное,Отложено,error log analysis,91,На складе
M00044,pc,2025-05-12,60,Плохое,Выполнено,error log analysis,85,На складе
M00045,cisco_switch,2024-08-10,30,Плохое,Запланировано,thermalpaste replace,97,В ремонте
M00046,scaner,2024-11-21,90,Плохое,Не выполнено,thermalpaste replace,94,В ремонте
M00047,nas,2025-02-03,60,Хорошее,Выполнено,software update,95,На складе
M00048,pc,2025-01-31,30,Плохое,Отложено,software update,88,На складе
M00049,scaner,2025-04-12,30,Хорошее,Запланировано,thermalpaste replace,83,В ремонте
M00050,ip_phone,2024-08-01,30,Хорошее,Отложено,software update,84,В эксплуатации
M00051,cisco_switch,2025-03-31,60,Плохое,Запланировано,software update,89,На складе
M00052,cisco_router,2025-02-21,90,Удовлетворительное,Выполнено,software update,100,На складе
M00053,ip_phone,2024-12-26,90,Хорошее,Отложено,hardware diagnostics,92,На складе
M00054,cisco_switch,2025-04-04,90,Хорошее,Отложено,thermalpaste replace,93,На складе
M00055,scaner,2025-07-06,90,Плохое,Выполнено,hardware diagnostics,80,В эксплуатации
M00056,ip_phone,2025-02-03,90,Удовлетворительное,Запланировано,hardware diagnostics,88,В ремонте
M00057,ip_phone,2025-01-18,30,Хорошее,Отложено,dust cleaning,84,В ремонте
M00058,nas,2025-06-17,90,Хорошее,Запланировано,dust cleaning,88,На складе
M00059,printer,2024-09-12,90,Удовлетворительное,Выполнено,dust cleaning,99,На складе
M00060,ip_phone,2024-08-29,90,Удовлетворительное,Запланировано,hardware diagnostics,92,В эксплуатации
M00061,scaner,2024-12-06,60,Плохое,Запланировано,error log analysis,83,На складе
M00062,cisco_router,2025-05-06,60,Хорошее,Выполнено,software update,99,В ремонте
M00063,pc,2024-08-18,60,Плохое,Отложено,error log analysis,78,В эксплуатации
M00064,printer,2024-12-27,30,Хорошее,Не выполнено,port testing,81,В эксплуатации
M00065,nas,2025-04-30,60,Удовлетворительное,Не выполнено,thermalpaste replace,99,На складе
M00066,printer,2025-02-05,90,Хорошее,Выполнено,error log analysis,95,В ремонте
M00067,cisco_router,2025-05-14,90,Плохое,Отложено,port testing,83,На складе
M00068,scaner,2024-12-07,30,Хорошее,Не выполнено,hardware diagnostics,90,На складе
M00069,nas,2025-07-11,30,Хорошее,Выполнено,hardware diagnostics,83,В ремонте
M00070,scaner,2024-10-14,90,Удовлетворительное,Запланировано,port testing,100,В ремонте
M00071,scaner,2025-07-28,30,Удовлетворительное,Не выполнено,dust cleaning,95,В эксплуатации
M00072,pc,2024-09-14,30,Плохое,Выполнено,error log analysis,87,На складе
M00073,cisco_router,2024-12-27,30,Хорошее,Запланировано,software update,91,В ремонте
M00074,printer,2025-07-02,90,Хорошее,Запланировано,dust cleaning,98,На складе
M00075,cisco_switch,2025-08-21,30,Плохое,Выполнено,software update,85,На складе
M00076,nas,2024-10-25,60,Удовлетворительное,Запланировано,software update,99,В эксплуатации
M00077,ip_phone,2025-05-03,60,Хорошее,Запланировано,software update,83,В ремонте
M00078,scaner,2025-08-28,60,Плохое,Не выполнено,dust cleaning,100,В ремонте
M00079,scaner,2025-04-06,60,Удовлетворительное,Запланировано,dust cleaning,89,В ремонте
M00080,printer,2025-05-10,30,Удовлетворительное,Выполнено,dust cleaning,89,В ремонте
M00081,scaner,2025-06-10,90,Плохое,Выполнено,software update,94,В ремонте
M00082,ip_phone,2025-03-30,90,Хорошее,Запланировано,error log analysis,99,В ремонте
M00083,printer,2025-03-03,60,Хорошее,Не выполнено,thermalpaste replace,77,На складе
M00084,cisco_router,2025-03-22,90,Плохое,Не выполнено,error log analysis,96,В ремонте
M00085,ip_phone,2025-01-25,30,Плохое,Отложено,thermalpaste replace,77,В эксплуатации
M00086,ip_phone,2025-01-27,90,Удовлетворительное,Выполнено,dust cleaning,76,В эксплуатации
M00087,pc,2024-12-29,90,Плохое,Выполнено,port testing,94,В ремонте
M00088,pc,2025-08-24,30,Хорошее,Не выполнено,port testing,93,В эксплуатации
M00089,scaner,2025-03-09,30,Плохое,Запланировано,software update,87,На складе
M00090,scaner,2025-07-22,90,Плохое,Запланировано,software update,96,В эксплуатации
M00091,ip_phone,2025-09-06,30,Хорошее,Отложено,dust cleaning,85,На складе
M00092,pc,2025-08-30,30,Плохое,Выполнено,hardware diagnostics,89,На складе
M00093,pc,2025-01-10,90,Плохое,Запланировано,thermalpaste replace,95,В эксплуатации
M00094,scaner,2025-02-02,60,Плохое,Отложено,software update,100,В эксплуатации
M00095,ip_phone,2025-09-28,90,Хорошее,Не выполнено,software update,84,В ремонте
M00096,cisco_switch,2025-08-02,60,Удовлетворительное,Отложено,thermalpaste replace,80,В эксплуатации
M00097,cisco_router,2025-09-03,60,Удовлетворительное,Отложено,thermalpaste replace,95,В ремонте
M00098,scaner,2025-02-03,60,Хорошее,Не выполнено,port testing,91,На складе
M00099,cisco_router,2025-01-22,30,Удовлетворительное,Запланировано,thermalpaste replace,82,На складе
M00100,cisco_router,2025-05-02,60,Удовлетворительное,Запланировано,port testing,89,На складе
M00101,printer,2025-01-08,30,Хорошее,Не выполнено,port testing,96,В ремонте
M00102,printer,2025-01-27,90,Плохое,Запланировано,software update,85,В эксплуатации
M00103,ip_phone,2025-03-31,30,Хорошее,Выполнено,error log analysis,91,В ремонте
M00104,printer,2025-11-09,90,Хорошее,Выполнено,port testing,77,На складе
M00105,scaner,2025-09-07,60,Плохое,Не выполнено,thermalpaste replace,82,На складе
M00106,nas,2025-10-07,30,Хорошее,Выполнено,error log analysis,97,На складе
M00107,nas,2025-07-29,30,Хорошее,Отложено,dust cleaning,88,В ремонте
M00108,printer,2025-02-13,60,Хорошее,Запланировано,error log analysis,97,В ремонте
M00109,printer,2025-03-31,30,Плохое,Не выполнено,software update,83,В эксплуатации
M00110,printer,2025-10-13,30,Плохое,Не выполнено,port testing,88,В эксплуатации
M00111,scaner,2025-12-02,30,Хорошее,Отложено,thermalpaste replace,78,В ремонте
M00112,nas,2025-07-19,30,Хорошее,Запланировано,port testing,95,На складе
M00113,pc,2025-12-14,30,Удовлетворительное,Отложено,thermalpaste replace,79,В ремонте
M00114,pc,2025-11-12,90,Плохое,Не выполнено,hardware diagnostics,79,На складе
M00115,cisco_router,2025-12-30,90,Удовлетворительное,Выполнено,thermalpaste replace,89,На складе
M00116,cisco_router,2025-01-28,60,Удовлетворительное,Отложено,thermalpaste replace,77,На складе
M00117,pc,2025-06-07,30,Хорошее,Не выполнено,software update,88,На складе
M00118,ip_phone,2025-04-09,90,Удовлетворительное,Выполнено,software update,91,В эксплуатации
M00119,cisco_switch,2026-01-09,90,Плохое,Отложено,hardware diagnostics,91,В ремонте
M00120,scaner,2025-06-04,30,Удовлетворительное,Выполнено,error log analysis,92,В эксплуатации
M00121,printer,2025-06-15,60,Удовлетворительное,Отложено,dust cleaning,80,В ремонте
M00122,ip_phone,2025-07-28,30,Плохое,Выполнено,dust cleaning,83,В ремонте
M00123,nas,2025-04-29,30,Плохое,Не выполнено,thermalpaste replace,92,В эксплуатации
M00124,nas,2026-01-29,90,Удовлетворительное,Запланировано,hardware diagnostics,79,В ремонте
M00125,printer,2025-07-29,60,Плохое,Выполнено,thermalpaste replace,86,В эксплуатации
M00126,printer,2025-04-16,90,Удовлетворительное,Не выполнено,error log analysis,87,На складе
M00127,cisco_switch,2025-11-12,30,Хорошее,Запланировано,hardware diagnostics,84,На складе
M00128,cisco_switch,2025-07-09,90,Плохое,Выполнено,software update,81,В ремонте
M00129,cisco_switch,2025-12-15,60,Хорошее,Выполнено,hardware diagnostics,80,На складе
M00130,cisco_router,2025-09-27,30,Плохое,Запланировано,error log analysis,88,В эксплуатации
M00131,scaner,2025-03-04,30,Плохое,Не выполнено,port testing,75,В ремонте
M00132,ip_phone,2025-05-18,30,Плохое,Не выполнено,port testing,90,В ремонте
M00133,printer,2025-03-01,90,Плохое,Не выполнено,hardware diagnostics,78,На складе
M00134,ip_phone,2025-10-26,60,Хорошее,Запланировано,thermalpaste replace,100,В ремонте
M00135,nas,2025-06-04,60,Плохое,Отложено,software update,88,В эксплуатации
M00136,scaner,2025-06-20,90,Плохое,Выполнено,port testing,80,В ремонте
M00137,cisco_switch,2025-05-07,90,Хорошее,Выполнено,hardware diagnostics,100,В ремонте
M00138,scaner,2025-04-16,30,Удовлетворительное,Запланировано,dust cleaning,89,На складе
M00139,cisco_router,2026-02-23,60,Плохое,Запланировано,software update,86,В эксплуатации
M00140,printer,2025-09-02,90,Плохое,Выполнено,port testing,99,В ремонте
M00141,pc,2025-09-28,90,Удовлетворительное,Отложено,dust cleaning,76,В эксплуатации
M00142,printer,2025-11-22,90,Удовлетворительное,Отложено,error log analysis,95,На складе
M00143,ip_phone,2025-08-25,90,Хорошее,Выполнено,dust cleaning,97,В эксплуатации
M00144,cisco_switch,2026-01-21,30,Плохое,Выполнено,hardware diagnostics,84,На складе
M00145,printer,2025-12-22,60,Хорошее,Отложено,hardware diagnostics,97,На складе
M00146,cisco_switch,2026-03-11,30,Удовлетворительное,Запланировано,error log analysis,96,В эксплуатации
M00147,cisco_switch,2025-11-05,30,Плохое,Не выполнено,port testing,93,В ремонте
M00148,nas,2025-06-09,90,Хорошее,Выполнено,port testing,96,В эксплуатации
M00149,pc,2025-06-27,90,Хорошее,Отложено,dust cleaning,75,В ремонте
M00150,cisco_switch,2026-01-24,30,Удовлетворительное,Не выполнено,software update,85,В эксплуатации
M00151,nas,2025-07-19,90,Плохое,Не выполнено,thermalpaste replace,100,В эксплуатации
M00152,cisco_switch,2025-11-06,90,Плохое,Выполнено,error log analysis,98,В ремонте
M00153,pc,2026-02-16,30,Хорошее,Запланировано,dust cleaning,87,В эксплуатации
M00154,cisco_router,2025-11-06,90,Хорошее,Отложено,hardware diagnostics,78,В ремонте
M00155,cisco_router,2025-10-15,60,Плохое,Не выполнено,error log analysis,99,В ремонте
M00156,printer,2025-12-06,30,Плохое,Выполнено,error log analysis,96,На складе
M00157,cisco_router,2025-05-26,60,Плохое,Отложено,thermalpaste replace,82,В эксплуатации
M00158,cisco_switch,2025-08-21,90,Удовлетворительное,Выполнено,dust cleaning,81,В ремонте
M00159,cisco_router,2025-06-05,90,Плохое,Выполнено,dust cleaning,84,В эксплуатации
M00160,cisco_switch,2025-12-25,90,Хорошее,Выполнено,port testing,88,На складе
M00161,ip_phone,2025-12-18,30,Удовлетворительное,Запланировано,port testing,83,На складе
M00162,cisco_switch,2025-05-24,60,Хорошее,Отложено,dust cleaning,77,В ремонте
M00163,printer,2025-07-29,90,Плохое,Выполнено,software update,82,В ремонте
M00164,printer,2025-11-10,60,Плохое,Выполнено,hardware diagnostics,100,В эксплуатации
M00165,cisco_router,2025-08-21,90,Удовлетворительное,Не выполнено,port testing,84,В эксплуатации
M00166,cisco_router,2025-10-19,30,Удовлетворительное,Отложено,error log analysis,98,В ремонте
M00167,printer,2026-04-11,30,Удовлетворительное,Не выполнено,error log analysis,83,В ремонте
M00168,cisco_router,2025-10-31,90,Хорошее,Не выполнено,error log analysis,98,В ремонте
M00169,cisco_router,2025-11-14,60,Удовлетворительное,Не выполнено,software update,86,На складе
M00170,scaner,2025-12-19,90,Хорошее,Запланировано,thermalpaste replace,92,В ремонте
M00171,cisco_router,2025-07-12,90,Удовлетворительное,Не выполнено,error log analysis,90,На складе
M00172,cisco_router,2026-04-26,90,Хорошее,Не выполнено,error log analysis,89,В эксплуатации
M00173,printer,2025-09-08,30,Хорошее,Не выполнено,software update,96,В ремонте
M00174,cisco_switch,2025-06-24,60,Удовлетворительное,Выполнено,dust cleaning,96,В ремонте
M00175,scaner,2025-12-05,60,Хорошее,Не выполнено,error log analysis,96,В эксплуатации
M00176,scaner,2025-08-26,60,Удовлетворительное,Отложено,hardware diagnostics,86,В эксплуатации
M00177,pc,2026-06-20,60,Плохое,Не выполнено,error log analysis,99,На складе
M00178,cisco_switch,2026-03-13,90,Хорошее,Отложено,error log analysis,99,В ремонте
M00179,nas,2026-06-11,90,Удовлетворительное,Не выполнено,software update,87,В эксплуатации
M00180,pc,2026-06-03,90,Удовлетворительное,Запланировано,dust cleaning,99,На складе
M00181,printer,2026-04-11,90,Плохое,Отложено,software update,91,В ремонте
M00182,cisco_router,2026-04-18,30,Хорошее,Выполнено,software update,94,В ремонте
M00183,cisco_switch,2025-11-18,90,Хорошее,Запланировано,hardware diagnostics,97,В эксплуатации
M00184,pc,2026-01-21,90,Удовлетворительное,Запланировано,hardware diagnostics,82,В ремонте
M00185,nas,2026-02-02,30,Удовлетворительное,Не выполнено,dust cleaning,93,На складе
M00186,ip_phone,2026-04-26,90,Плохое,Выполнено,software update,91,В эксплуатации
M00187,nas,2025-10-03,60,Хорошее,Отложено,port testing,77,В эксплуатации
M00188,printer,2025-08-13,60,Плохое,Выполнено,thermalpaste replace,85,В ремонте
M00189,ip_phone,2026-06-04,90,Плохое,Отложено,software update,79,На складе
M00190,cisco_switch,2026-01-29,30,Плохое,Выполнено,error log analysis,99,В эксплуатации
M00191,pc,2025-12-11,30,Удовлетворительное,Не выполнено,port testing,88,В ремонте
M00192,cisco_switch,2026-05-19,30,Плохое,Не выполнено,thermalpaste replace,84,На складе
M00193,ip_phone,2026-01-03,60,Удовлетворительное,Выполнено,thermalpaste replace,93,На складе
M00194,scaner,2025-09-04,90,Плохое,Запланировано,thermalpaste replace,99,В эксплуатации
M00195,printer,2026-01-09,90,Хорошее,Отложено,hardware diagnostics,98,В ремонте
M00196,scaner,2026-05-23,30,Удовлетворительное,Отложено,hardware diagnostics,81,В ремонте
M00197,scaner,2026-06-29,60,Плохое,Выполнено,port testing,81,В эксплуатации
M00198,printer,2026-02-11,60,Хорошее,Запланировано,software update,81,В ремонте
M00199,cisco_switch,2025-12-22,90,Удовлетворительное,Выполнено,thermalpaste replace,98,В эксплуатации
M00200,nas,2026-07-03,60,Удовлетворительное,Выполнено,error log analysis,81,В эксплуатации
M00201,printer,2026-05-03,90,Хорошее,Отложено,software update,87,На складе
M00202,scaner,2026-04-12,90,Удовлетворительное,Запланировано,port testing,80,В ремонте
M00203,pc,2026-01-13,60,Плохое,Отложено,error log analysis,90,На складе
M00204,ip_phone,2026-04-16,60,Плохое,Отложено,port testing,88,В эксплуатации
M00205,printer,2026-07-12,60,Хорошее,Выполнено,thermalpaste replace,76,На складе
M00206,printer,2026-08-03,60,Хорошее,Запланировано,error log analysis,77,На складе
M00207,cisco_router,2026-04-03,60,Плохое,Выполнено,thermalpaste replace,83,На складе
M00208,cisco_router,2026-08-25,60,Плохое,Выполнено,thermalpaste replace,79,В эксплуатации
M00209,cisco_router,2026-04-13,60,Хорошее,Не выполнено,error log analysis,82,В эксплуатации
M00210,pc,2026-05-15,60,Хорошее,Выполнено,dust cleaning,93,В эксплуатации
M00211,printer,2025-11-01,90,Хорошее,Не выполнено,error log analysis,87,На складе
M00212,pc,2025-11-06,60,Плохое,Не выполнено,dust cleaning,77,На складе
M00213,scaner,2026-05-11,90,Удовлетворительное,Отложено,error log analysis,88,В эксплуатации
M00214,pc,2025-11-15,60,Плохое,Выполнено,error log analysis,88,В эксплуатации
M00215,pc,2025-10-24,30,Удовлетворительное,Выполнено,thermalpaste replace,76,В ремонте
M00216,ip_phone,2026-05-01,60,Хорошее,Запланировано,error log analysis,90,В эксплуатации
M00217,ip_phone,2026-07-22,30,Удовлетворительное,Отложено,hardware diagnostics,90,В эксплуатации
M00218,ip_phone,2026-03-07,90,Удовлетворительное,Не выполнено,hardware diagnostics,88,В эксплуатации
M00219,cisco_router,2026-09-11,30,Хорошее,Выполнено,dust cleaning,80,В ремонте
M00220,ip_phone,2026-01-26,30,Удовлетворительное,Отложено,software update,83,На складе
M00221,cisco_router,2026-08-14,90,Плохое,Запланировано,error log analysis,90,На складе
M00222,nas,2025-12-10,90,Удовлетворительное,Запланировано,port testing,87,На складе
M00223,cisco_router,2026-11-03,60,Удовлетворительное,Отложено,thermalpaste replace,75,На складе
M00224,printer,2026-03-23,90,Удовлетворительное,Выполнено,thermalpaste replace,98,На складе
M00225,ip_phone,2026-03-12,90,Хорошее,Выполнено,dust cleaning,89,В ремонте
M00226,printer,2025-12-12,60,Удовлетворительное,Выполнено,error log analysis,98,В эксплуатации
M00227,cisco_router,2026-05-22,90,Плохое,Не выполнено,error log analysis,75,На складе
M00228,cisco_router,2026-06-26,90,Плохое,Отложено,hardware diagnostics,87,На складе
M00229,cisco_router,2026-11-07,30,Удовлетворительное,Не выполнено,dust cleaning,95,В ремонте
M00230,cisco_switch,2026-06-28,90,Удовлетворительное,Отложено,port testing,78,В ремонте
M00231,cisco_router,2026-09-24,60,Удовлетворительное,Выполнено,dust cleaning,99,В ремонте
M00232,cisco_switch,2026-04-10,60,Удовлетворительное,Выполнено,hardware diagnostics,75,В ремонте
M00233,nas,2026-04-08,90,Удовлетворительное,Не выполнено,dust cleaning,94,В эксплуатации
M00234,printer,2026-11-25,30,Удовлетворительное,Отложено,thermalpaste replace,88,В ремонте
M00235,cisco_router,2026-01-17,60,Удовлетворительное,Запланировано,dust cleaning,78,В ремонте
M00236,scaner,2026-12-14,60,Хорошее,Отложено,dust cleaning,84,В эксплуатации
M00237,cisco_router,2026-08-16,30,Плохое,Отложено,port testing,100,В ремонте
M00238,cisco_switch,2026-02-23,60,Хорошее,Отложено,software update,98,На складе
M00239,ip_phone,2026-12-15,90,Плохое,Отложено,port testing,99,В ремонте
M00240,cisco_switch,2026-05-20,60,Удовлетворительное,Выполнено,software update,79,В ремонте
M00241,printer,2026-07-04,90,Удовлетворительное,Не выполнено,hardware diagnostics,99,В ремонте
M00242,pc,2027-01-14,90,Плохое,Не выполнено,port testing,83,На складе
M00243,ip_phone,2026-05-21,30,Плохое,Выполнено,hardware diagnostics,85,В ремонте
M00244,nas,2026-09-01,90,Плохое,Отложено,port testing,100,В ремонте
M00245,cisco_router,2026-12-27,90,Хорошее,Не выполнено,dust cleaning,83,В ремонте
M00246,pc,2026-04-02,30,Удовлетворительное,Отложено,error log analysis,78,В ремонте
M00247,ip_phone,2026-12-11,30,Удовлетворительное,Запланировано,dust cleaning,80,В эксплуатации
M00248,ip_phone,2026-06-15,90,Удовлетворительное,Отложено,error log analysis,97,В эксплуатации
M00249,scaner,2026-09-12,90,Удовлетворительное,Выполнено,port testing,84,На складе
M00250,scaner,2026-06-16,90,Плохое,Выполнено,thermalpaste replace,77,На складе
M00251,scaner,2026-04-26,90,Хорошее,Запланировано,port testing,86,На складе
M00252,pc,2026-11-06,90,Хорошее,Отложено,dust cleaning,91,На складе
M00253,scaner,2026-05-20,30,Удовлетворительное,Выполнено,hardware diagnostics,78,На складе
M00254,nas,2026-04-25,30,Плохое,Запланировано,software update,81,В эксплуатации
M00255,pc,2027-02-25,30,Удовлетворительное,Выполнено,port testing,77,В ремонте
M00256,cisco_router,2026-07-19,90,Плохое,Не выполнено,thermalpaste replace,94,В ремонте
M00257,nas,2026-06-10,30,Плохое,Отложено,dust cleaning,75,В ремонте
M00258,cisco_switch,2026-09-25,90,Плохое,Отложено,port testing,80,На складе
M00259,cisco_router,2026-09-13,90,Плохое,Запланировано,hardware diagnostics,78,В эксплуатации
M00260,ip_phone,2026-08-10,90,Хорошее,Не выполнено,port testing,86,На складе
M00261,printer,2026-09-24,60,Удовлетворительное,Отложено,thermalpaste replace,100,В ремонте
M00262,printer,2027-01-22,60,Плохое,Отложено,thermalpaste replace,78,В ремонте
M00263,ip_phone,2026-07-03,60,Плохое,Отложено,software update,99,На складе
M00264,ip_phone,2026-10-03,30,Хорошее,Отложено,hardware diagnostics,77,В ремонте
M00265,ip_phone,2026-04-28,90,Удовлетворительное,Не выполнено,error log analysis,86,На складе
M00266,printer,2026-09-01,60,Удовлетворительное,Не выполнено,hardware diagnostics,79,В ремонте
M00267,cisco_router,2026-08-06,30,Плохое,Не выполнено,software update,82,На складе
M00268,ip_phone,2026-05-12,30,Удовлетворительное,Не выполнено,software update,83,В эксплуатации
M00269,nas,2026-09-26,30,Плохое,Не выполнено,port testing,97,В ремонте
M00270,scaner,2026-12-11,60,Удовлетворительное,Запланировано,error log analysis,88,На складе
M00271,pc,2026-07-27,60,Плохое,Запланировано,thermalpaste replace,97,На складе
M00272,scaner,2027-03-19,90,Удовлетворительное,Не выполнено,thermalpaste replace,97,На складе
M00273,ip_phone,2026-08-06,90,Удовлетворительное,Запланировано,thermalpaste replace,81,На складе
M00274,ip_phone,2026-11-15,60,Плохое,Отложено,error log analysis,97,В ремонте
M00275,pc,2027-01-10,90,Хорошее,Отложено,error log analysis,90,В эксплуатации
M00276,pc,2027-02-01,60,Удовлетворительное,Отложено,software update,93,На складе
M00277,cisco_switch,2026-08-29,60,Плохое,Не выполнено,port testing,92,В ремонте
M00278,printer,2027-03-19,90,Удовлетворительное,Не выполнено,error log analysis,76,На складе
M00279,printer,2026-12-28,30,Хорошее,Отложено,software update,97,В эксплуатации
M00280,printer,2026-08-23,60,Плохое,Запланировано,port testing,79,На складе
M00281,pc,2026-05-28,60,Удовлетворительное,Запланировано,dust cleaning,100,В ремонте
M00282,cisco_switch,2026-11-15,60,Плохое,Отложено,software update,94,В ремонте
M00283,cisco_router,2027-02-11,90,Удовлетворительное,Запланировано,dust cleaning,95,В ремонте
M00284,cisco_router,2026-09-15,60,Плохое,Не выполнено,error log analysis,87,В ремонте
M00285,pc,2026-10-03,90,Плохое,Запланировано,dust cleaning,93,На складе
M00286,ip_phone,2026-12-18,60,Плохое,Выполнено,thermalpaste replace,99,На складе
M00287,scaner,2027-05-04,60,Хорошее,Запланировано,dust cleaning,76,В эксплуатации
M00288,cisco_router,2027-02-14,90,Удовлетворительное,Выполнено,thermalpaste replace,96,В ремонте
M00289,nas,2027-04-07,60,Удовлетворительное,Запланировано,thermalpaste replace,98,В эксплуатации
M00290,pc,2026-10-11,60,Хорошее,Отложено,thermalpaste replace,88,В эксплуатации
M00291,cisco_router,2026-11-14,30,Плохое,Выполнено,thermalpaste replace,90,На складе
M00292,scaner,2027-02-27,60,Плохое,Запланировано,dust cleaning,83,В ремонте
M00293,scaner,2027-02-24,30,Хорошее,Выполнено,dust cleaning,97,В ремонте
M00294,printer,2026-07-17,90,Хорошее,Не выполнено,error log analysis,91,На складе
M00295,nas,2027-04-06,30,Удовлетворительное,Запланировано,thermalpaste replace,87,В эксплуатации
M00296,scaner,2026-11-26,30,Удовлетворительное,Отложено,port testing,84,В эксплуатации
M00297,pc,2026-08-22,30,Удовлетворительное,Запланировано,dust cleaning,79,В ремонте
M00298,cisco_router,2027-05-31,90,Плохое,Отложено,software update,80,В эксплуатации
M00299,cisco_router,2026-08-16,30,Плохое,Не выполнено,dust cleaning,100,В ремонте
M00300,printer,2026-08-24,60,Хорошее,Отложено,hardware diagnostics,97,На складе
M00301,nas,2027-03-26,60,Хорошее,Запланировано,dust cleaning,78,На складе
M00302,ip_phone,2026-10-14,30,Хорошее,Отложено,hardware diagnostics,78,На складе
M00303,scaner,2026-09-23,30,Плохое,Выполнено,hardware diagnostics,82,В ремонте
M00304,nas,2027-06-28,60,Удовлетворительное,Запланировано,error log analysis,100,В эксплуатации
M00305,cisco_switch,2027-01-16,60,Удовлетворительное,Запланировано,thermalpaste replace,89,В эксплуатации
M00306,printer,2027-04-19,60,Хорошее,Отложено,error log analysis,90,В ремонте
M00307,cisco_switch,2026-09-03,30,Удовлетворительное,Выполнено,hardware diagnostics,98,В эксплуатации
M00308,pc,2027-01-09,60,Хорошее,Не выполнено,dust cleaning,78,На складе
M00309,nas,2027-06-14,90,Удовлетворительное,Не выполнено,software update,91,В эксплуатации
M00310,scaner,2026-11-14,90,Удовлетворительное,Не выполнено,dust cleaning,94,На складе
M00311,nas,2027-07-07,30,Удовлетворительное,Выполнено,software update,94,На складе
M00312,pc,2027-06-04,30,Удовлетворительное,Выполнено,error log analysis,86,На складе
M00313,cisco_router,2027-01-13,60,Хорошее,Не выполнено,software update,83,В ремонте
M00314,ip_phone,2027-06-25,30,Хорошее,Отложено,thermalpaste replace,83,В эксплуатации
M00315,cisco_router,2027-02-19,60,Плохое,Отложено,hardware diagnostics,76,В ремонте
M00316,pc,2027-01-12,30,Удовлетворительное,Запланировано,error log analysis,92,На складе
M00317,printer,2027-07-14,60,Хорошее,Не выполнено,error log analysis,90,В эксплуатации
M00318,ip_phone,2027-04-02,60,Удовлетворительное,Не выполнено,hardware diagnostics,83,В эксплуатации
M00319,pc,2026-10-16,60,Удовлетворительное,Выполнено,thermalpaste replace,78,На складе
M00320,pc,2027-06-21,90,Хорошее,Не выполнено,software update,99,На складе
M00321,cisco_switch,2027-04-30,90,Плохое,Отложено,hardware diagnostics,90,В эксплуатации
M00322,scaner,2027-03-12,90,Хорошее,Отложено,software update,76,На складе
M00323,scaner,2027-07-11,30,Хорошее,Не выполнено,port testing,78,На складе
M00324,printer,2027-05-18,60,Плохое,Не выполнено,port testing,97,На складе
M00325,pc,2026-12-15,30,Плохое,Выполнено,hardware diagnostics,95,На складе
M00326,cisco_router,2026-10-30,60,Удовлетворительное,Отложено,thermalpaste replace,94,В ремонте
M00327,cisco_switch,2027-02-13,30,Удовлетворительное,Выполнено,dust cleaning,94,В эксплуатации
M00328,cisco_switch,2027-03-18,90,Хорошее,Не выполнено,thermalpaste replace,75,В эксплуатации
M00329,cisco_switch,2026-12-26,90,Плохое,Отложено,hardware diagnostics,90,На складе
M00330,cisco_switch,2027-03-29,90,Плохое,Отложено,hardware diagnostics,89,В эксплуатации
M00331,cisco_switch,2027-07-05,60,Удовлетворительное,Выполнено,error log analysis,80,В эксплуатации
M00332,nas,2027-03-19,30,Плохое,Запланировано,port testing,78,В эксплуатации
M00333,printer,2027-08-17,90,Хорошее,Выполнено,hardware diagnostics,96,В эксплуатации
M00334,ip_phone,2026-12-14,60,Плохое,Выполнено,thermalpaste replace,96,В эксплуатации
M00335,cisco_switch,2027-07-28,30,Удовлетворительное,Отложено,port testing,76,На складе
M00336,pc,2027-07-16,30,Плохое,Отложено,error log analysis,81,В ремонте
M00337,cisco_switch,2027-08-03,30,Удовлетворительное,Не выполнено,hardware diagnostics,96,На складе
M00338,nas,2027-03-07,90,Удовлетворительное,Запланировано,thermalpaste replace,75,В ремонте
M00339,cisco_switch,2027-06-17,60,Плохое,Отложено,software update,89,В ремонте
M00340,cisco_switch,2027-07-10,90,Хорошее,Отложено,thermalpaste replace,97,На складе
M00341,ip_phone,2027-07-18,90,Хорошее,Не выполнено,hardware diagnostics,93,В эксплуатации
M00342,scaner,2027-03-11,60,Удовлетворительное,Не выполнено,software update,84,На складе
M00343,ip_phone,2027-03-30,90,Хорошее,Запланировано,dust cleaning,85,В эксплуатации
M00344,nas,2027-09-09,60,Удовлетворительное,Запланировано,port testing,76,На складе
M00345,printer,2027-05-20,90,Удовлетворительное,Не выполнено,software update,89,В ремонте
M00346,scaner,2027-01-03,30,Плохое,Отложено,software update,78,В ремонте
M00347,printer,2027-05-06,30,Удовлетворительное,Не выполнено,software update,79,В эксплуатации
M00348,scaner,2027-08-20,30,Плохое,Отложено,hardware diagnostics,96,В эксплуатации
M00349,cisco_router,2027-03-15,90,Плохое,Выполнено,port testing,84,В эксплуатации
M00350,cisco_switch,2027-08-28,90,Удовлетворительное,Выполнено,software update,80,В эксплуатации
M00351,ip_phone,2027-09-27,90,Хорошее,Выполнено,dust cleaning,82,В эксплуатации
M00352,cisco_router,2027-01-04,30,Хорошее,Выполнено,thermalpaste replace,78,В эксплуатации
M00353,cisco_switch,2027-04-13,30,Удовлетворительное,Запланировано,thermalpaste replace,98,В эксплуатации
M00354,printer,2027-03-23,30,Плохое,Выполнено,thermalpaste replace,78,В эксплуатации
M00355,cisco_router,2027-03-07,90,Удовлетворительное,Отложено,port testing,77,На складе
M00356,nas,2027-08-03,30,Удовлетворительное,Не выполнено,software update,85,В ремонте
M00357,cisco_router,2027-11-11,60,Плохое,Не выполнено,dust cleaning,82,В ремонте
M00358,ip_phone,2027-08-09,90,Плохое,Отложено,software update,86,В эксплуатации
M00359,ip_phone,2027-09-18,60,Плохое,Запланировано,port testing,84,На складе
M00360,ip_phone,2027-07-27,90,Плохое,Запланировано,error log analysis,84,В ремонте
M00361,ip_phone,2027-03-25,30,Удовлетворительное,Не выполнено,port testing,100,В эксплуатации
M00362,printer,2027-11-04,60,Плохое,Отложено,hardware diagnostics,91,На складе
M00363,ip_phone,2027-07-11,30,Хорошее,Отложено,thermalpaste replace,96,В ремонте
M00364,cisco_switch,2027-05-08,30,Хорошее,Не выполнено,port testing,97,В ремонте
M00365,scaner,2027-02-04,30,Хорошее,Не выполнено,hardware diagnostics,81,В эксплуатации
M00366,cisco_switch,2027-03-08,30,Хорошее,Выполнено,thermalpaste replace,76,В ремонте
M00367,printer,2027-08-05,60,Хорошее,Не выполнено,error log analysis,75,В эксплуатации
M00368,cisco_router,2027-09-09,90,Хорошее,Запланировано,dust cleaning,85,В эксплуатации
M00369,nas,2027-10-16,60,Удовлетворительное,Выполнено,error log analysis,91,В эксплуатации
M00370,pc,2027-03-14,30,Плохое,Не выполнено,dust cleaning,92,В ремонте
M00371,printer,2027-04-20,60,Хорошее,Запланировано,hardware diagnostics,75,В эксплуатации
M00372,printer,2027-03-06,30,Плохое,Отложено,port testing,80,На складе
M00373,nas,2027-11-17,60,Удовлетворительное,Отложено,hardware diagnostics,86,В эксплуатации
M00374,nas,2028-01-29,30,Хорошее,Не выполнено,hardware diagnostics,91,В эксплуатации
M00375,pc,2027-03-09,30,Хорошее,Не выполнено,thermalpaste replace,75,В эксплуатации
M00376,pc,2028-01-25,60,Плохое,Запланировано,dust cleaning,96,В эксплуатации
M00377,nas,2027-02-18,90,Хорошее,Выполнено,port testing,88,В эксплуатации
M00378,ip_phone,2028-01-30,30,Удовлетворительное,Не выполнено,software update,93,В ремонте
M00379,cisco_router,2027-11-07,60,Удовлетворительное,Выполнено,thermalpaste replace,94,В эксплуатации
M00380,pc,2027-06-17,30,Хорошее,Запланировано,software update,83,На складе
M00381,scaner,2027-06-24,30,Удовлетворительное,Отложено,error log analysis,84,На складе
M00382,pc,2027-08-14,60,Удовлетворительное,Не выполнено,hardware diagnostics,87,В эксплуатации
M00383,ip_phone,2027-04-12,30,Плохое,Запланировано,port testing,92,В эксплуатации
M00384,scaner,2027-04-08,60,Плохое,Запланировано,software update,91,В эксплуатации
M00385,nas,2027-08-09,30,Хорошее,Не выполнено,port testing,99,В ремонте
M00386,printer,2027-07-31,90,Удовлетворительное,Запланировано,thermalpaste replace,91,На складе
M00387,ip_phone,2027-11-17,60,Удовлетворительное,Запланировано,hardware diagnostics,94,В ремонте
M00388,pc,2027-06-30,60,Удовлетворительное,Запланировано,port testing,83,В эксплуатации
M00389,nas,2027-04-19,90,Хорошее,Отложено,software update,78,В ремонте
M00390,cisco_router,2027-10-28,30,Хорошее,Не выполнено,dust cleaning,81,В эксплуатации
M00391,printer,2027-06-25,30,Удовлетворительное,Не выполнено,dust cleaning,82,В эксплуатации
M00392,nas,2027-05-15,30,Хорошее,Отложено,error log analysis,96,В ремонте
M00393,pc,2027-08-04,30,Плохое,Отложено,dust cleaning,77,В эксплуатации
M00394,scaner,2027-12-20,90,Плохое,Выполнено,software update,95,В эксплуатации
M00395,printer,2028-02-28,30,Удовлетворительное,Не выполнено,thermalpaste replace,95,На складе
M00396,cisco_switch,2027-05-01,60,Хорошее,Запланировано,hardware diagnostics,94,На складе
M00397,cisco_switch,2027-07-09,30,Удовлетворительное,Запланировано,software update,78,В эксплуатации
M00398,cisco_switch,2027-05-05,90,Хорошее,Отложено,hardware diagnostics,97,В эксплуатации
M00399,cisco_switch,2027-04-24,30,Хорошее,Отложено,thermalpaste replace,85,В ремонте
M00400,cisco_switch,2028-04-01,90,Хорошее,Не выполнено,dust cleaning,84,В ремонте
M00401,cisco_router,2028-03-30,30,Хорошее,Запланировано,software update,100,В эксплуатации
M00402,scaner,2027-09-30,90,Плохое,Выполнено,error log analysis,94,В ремонте
M00403,scaner,2028-01-21,90,Плохое,Выполнено,thermalpaste replace,81,В ремонте
M00404,cisco_switch,2028-02-09,90,Плохое,Отложено,port testing,90,В эксплуатации
M00405,scaner,2027-09-07,90,Удовлетворительное,Отложено,software update,83,На складе
M00406,pc,2028-02-03,30,Удовлетворительное,Отложено,hardware diagnostics,100,В эксплуатации
M00407,nas,2028-01-06,60,Плохое,Не выполнено,dust cleaning,82,В ремонте
M00408,printer,2027-07-13,60,Плохое,Запланировано,port testing,99,В ремонте
M00409,cisco_switch,2028-03-16,60,Хорошее,Запланировано,hardware diagnostics,75,В эксплуатации
M00410,scaner,2027-05-27,30,Удовлетворительное,Выполнено,error log analysis,84,На складе
M00411,ip_phone,2027-11-20,30,Хорошее,Не выполнено,port testing,97,На складе
M00412,printer,2028-03-08,30,Хорошее,Выполнено,software update,92,На складе
M00413,nas,2027-06-01,60,Хорошее,Запланировано,port testing,76,На складе
M00414,ip_phone,2028-03-31,30,Удовлетворительное,Запланировано,thermalpaste replace,96,В эксплуатации
M00415,cisco_switch,2027-08-18,30,Удовлетворительное,Отложено,thermalpaste replace,83,В ремонте
M00416,nas,2027-10-27,60,Плохое,Отложено,port testing,85,На складе
M00417,scaner,2028-05-24,60,Удовлетворительное,Не выполнено,thermalpaste replace,90,В эксплуатации
M00418,printer,2027-09-27,90,Удовлетворительное,Отложено,hardware diagnostics,84,На складе
M00419,cisco_switch,2028-02-25,60,Удовлетворительное,Отложено,thermalpaste replace,76,В эксплуатации
M00420,ip_phone,2028-04-28,90,Удовлетворительное,Не выполнено,dust cleaning,91,В эксплуатации
M00421,cisco_switch,2028-02-27,90,Плохое,Выполнено,dust cleaning,79,В эксплуатации
M00422,pc,2027-10-18,30,Хорошее,Отложено,thermalpaste replace,88,В эксплуатации
M00423,cisco_router,2027-10-20,60,Плохое,Отложено,software update,79,В ремонте
M00424,printer,2028-02-03,30,Плохое,Запланировано,hardware diagnostics,96,В эксплуатации
M00425,scaner,2027-08-01,30,Удовлетворительное,Запланировано,error log analysis,93,В ремонте
M00426,scaner,2027-10-28,30,Удовлетворительное,Запланировано,hardware diagnostics,100,На складе
M00427,ip_phone,2027-10-11,90,Плохое,Выполнено,error log analysis,77,В ремонте
M00428,cisco_switch,2028-01-28,90,Плохое,Выполнено,software update,81,На складе
M00429,printer,2028-05-23,60,Плохое,Не выполнено,software update,90,На складе
M00430,cisco_switch,2028-04-11,60,Плохое,Выполнено,port testing,82,В ремонте
M00431,ip_phone,2027-12-02,60,Хорошее,Отложено,software update,95,На складе
M00432,nas,2027-11-22,60,Плохое,Запланировано,error log analysis,81,В эксплуатации
M00433,scaner,2027-08-07,30,Хорошее,Отложено,port testing,76,В ремонте
M00434,pc,2028-06-16,30,Удовлетворительное,Выполнено,thermalpaste replace,93,На складе
M00435,scaner,2028-04-26,90,Удовлетворительное,Выполнено,hardware diagnostics,79,На складе
M00436,nas,2027-11-11,90,Плохое,Отложено,error log analysis,92,В эксплуатации
M00437,cisco_router,2028-06-12,60,Плохое,Выполнено,error log analysis,80,В эксплуатации
M00438,cisco_router,2028-05-25,90,Хорошее,Выполнено,error log analysis,84,В эксплуатации
M00439,ip_phone,2027-12-13,30,Плохое,Запланировано,dust cleaning,95,На складе
M00440,printer,2028-07-23,90,Плохое,Выполнено,dust cleaning,95,В ремонте
M00441,scaner,2028-01-17,90,Хорошее,Выполнено,dust cleaning,84,На складе
M00442,cisco_router,2028-05-07,60,Плохое,Запланировано,error log analysis,91,В эксплуатации
M00443,nas,2028-05-14,90,Хорошее,Запланировано,hardware diagnostics,97,В ремонте
M00444,printer,2028-01-13,30,Удовлетворительное,Отложено,hardware diagnostics,79,На складе
M00445,scaner,2028-07-18,60,Удовлетворительное,Отложено,port testing,86,В ремонте
M00446,nas,2028-05-12,90,Хорошее,Отложено,thermalpaste replace,96,В эксплуатации
M00447,scaner,2027-11-23,90,Хорошее,Выполнено,thermalpaste replace,94,На складе
M00448,printer,2027-10-08,60,Хорошее,Не выполнено,dust cleaning,97,В ремонте
M00449,cisco_router,2028-01-10,90,Плохое,Отложено,hardware diagnostics,95,В ремонте
M00450,cisco_router,2028-09-04,30,Удовлетворительное,Выполнено,hardware diagnostics,92,На складе
M00451,cisco_switch,2027-10-25,30,Хорошее,Запланировано,port testing,87,На складе
M00452,ip_phone,2028-06-22,60,Плохое,Не выполнено,thermalpaste replace,86,В ремонте
M00453,pc,2028-01-02,60,Плохое,Запланировано,port testing,94,В ремонте
M00454,printer,2027-10-31,30,Плохое,Отложено,error log analysis,79,В эксплуатации
M00455,cisco_router,2028-01-17,60,Хорошее,Отложено,hardware diagnostics,95,В ремонте
M00456,scaner,2028-08-13,90,Удовлетворительное,Выполнено,port testing,75,На складе
M00457,printer,2028-09-19,30,Плохое,Выполнено,error log analysis,99,На складе
M00458,scaner,2028-10-14,60,Плохое,Не выполнено,software update,89,На складе
M00459,ip_phone,2028-06-27,30,Удовлетворительное,Выполнено,software update,92,В эксплуатации
M00460,cisco_router,2028-08-06,30,Плохое,Запланировано,error log analysis,85,В ремонте
M00461,pc,2028-06-12,30,Удовлетворительное,Отложено,dust cleaning,99,В ремонте
M00462,nas,2028-07-24,90,Хорошее,Выполнено,dust cleaning,77,В ремонте
M00463,cisco_router,2027-11-08,90,Удовлетворительное,Запланировано,thermalpaste replace,79,В ремонте
M00464,ip_phone,2028-02-28,60,Удовлетворительное,Выполнено,error log analysis,81,В эксплуатации
M00465,ip_phone,2028-09-15,60,Удовлетворительное,Выполнено,port testing,78,В эксплуатации
M00466,pc,2028-11-02,60,Плохое,Запланировано,dust cleaning,82,На складе
M00467,pc,2028-05-02,60,Удовлетворительное,Отложено,software update,93,В эксплуатации
M00468,scaner,2028-07-08,90,Удовлетворительное,Не выполнено,thermalpaste replace,81,На складе
M00469,nas,2028-04-02,30,Хорошее,Не выполнено,software update,86,На складе
M00470,ip_phone,2028-08-27,30,Хорошее,Отложено,thermalpaste replace,94,В эксплуатации
M00471,scaner,2028-02-10,60,Хорошее,Запланировано,dust cleaning,89,В эксплуатации
M00472,nas,2027-12-22,60,Плохое,Отложено,error log analysis,97,На складе
M00473,cisco_switch,2028-08-23,90,Удовлетворительное,Выполнено,software update,91,На складе
M00474,scaner,2028-08-28,60,Плохое,Выполнено,software update,91,На складе
M00475,cisco_router,2027-12-27,60,Удовлетворительное,Выполнено,software update,90,В эксплуатации
M00476,scaner,2028-08-22,30,Удовлетворительное,Отложено,port testing,99,В ремонте
M00477,cisco_router,2028-07-17,90,Удовлетворительное,Запланировано,port testing,88,На складе
M00478,printer,2028-05-17,60,Хорошее,Не выполнено,dust cleaning,88,На складе
M00479,nas,2028-12-06,90,Удовлетворительное,Выполнено,dust cleaning,83,В эксплуатации
M00480,printer,2028-11-22,30,Плохое,Выполнено,software update,95,В ремонте
M00481,ip_phone,2028-09-02,90,Удовлетворительное,Выполнено,dust cleaning,85,В ремонте
M00482,nas,2028-01-19,60,Плохое,Не выполнено,thermalpaste replace,90,На складе
M00483,scaner,2028-10-29,30,Хорошее,Запланировано,software update,85,На складе
M00484,pc,2028-05-18,60,Удовлетворительное,Отложено,port testing,100,В эксплуатации
M00485,cisco_switch,2028-10-06,30,Хорошее,Запланировано,thermalpaste replace,100,В эксплуатации
M00486,cisco_switch,2028-02-15,30,Удовлетворительное,Отложено,hardware diagnostics,81,В ремонте
M00487,scaner,2028-10-04,30,Хорошее,Выполнено,port testing,83,В ремонте
M00488,printer,2028-03-06,60,Удовлетворительное,Запланировано,error log analysis,83,На складе
M00489,scaner,2028-04-29,90,Плохое,Не выполнено,thermalpaste replace,99,В эксплуатации
M00490,printer,2028-10-05,30,Плохое,Не выполнено,hardware diagnostics,93,В эксплуатации
M00491,cisco_router,2028-04-16,60,Хорошее,Выполнено,error log analysis,76,В эксплуатации
M00492,cisco_router,2028-10-28,90,Плохое,Запланировано,dust cleaning,99,В ремонте
M00493,cisco_switch,2028-03-23,90,Удовлетворительное,Выполнено,error log analysis,94,В ремонте
M00494,ip_phone,2028-12-21,30,Плохое,Не выполнено,error log analysis,78,В эксплуатации
M00495,ip_phone,2028-05-23,30,Удовлетворительное,Отложено,dust cleaning,95,В ремонте
M00496,nas,2028-12-21,60,Плохое,Отложено,thermalpaste replace,95,В ремонте
M00497,ip_phone,2028-03-16,90,Хорошее,Отложено,hardware diagnostics,93,На складе
M00498,nas,2028-11-27,30,Плохое,Отложено,hardware diagnostics,92,В ремонте
M00499,scaner,2028-09-06,90,Хорошее,Запланировано,software update,100,В эксплуатации
M00500,ip_phone,2028-09-17,90,Удовлетворительное,Не выполнено,port testing,76,В ремонте
M00501,pc,2028-08-26,90,Хорошее,Не выполнено,hardware diagnostics,87,В эксплуатации
M00502,ip_phone,2029-01-19,30,Хорошее,Запланировано,software update,82,В ремонте
M00503,pc,2028-07-10,30,Плохое,Не выполнено,dust cleaning,86,В ремонте
M00504,cisco_switch,2028-10-05,60,Удовлетворительное,Выполнено,port testing,83,На складе
M00505,printer,2028-09-30,90,Удовлетворительное,Не выполнено,hardware diagnostics,96,В ремонте
M00506,pc,2028-04-08,90,Плохое,Не выполнено,dust cleaning,98,В ремонте
M00507,pc,2029-02-22,60,Удовлетворительное,Выполнено,thermalpaste replace,85,В ремонте
M00508,pc,2029-03-05,30,Хорошее,Отложено,error log analysis,81,В ремонте
M00509,printer,2028-11-08,60,Хорошее,Выполнено,software update,76,В эксплуатации
M00510,scaner,2028-04-18,60,Плохое,Не выполнено,software update,93,В ремонте
M00511,scaner,2028-11-15,60,Удовлетворительное,Выполнено,software update,76,На складе
M00512,cisco_switch,2029-03-21,90,Плохое,Выполнено,thermalpaste replace,79,На складе
M00513,cisco_router,2028-12-30,30,Удовлетворительное,Запланировано,dust cleaning,83,В ремонте
M00514,nas,2029-01-19,90,Хорошее,Запланировано,dust cleaning,95,В ремонте
M00515,cisco_router,2028-06-26,90,Плохое,Не выполнено,software update,80,На складе
M00516,pc,2028-12-12,60,Плохое,Запланировано,software update,80,На складе
M00517,ip_phone,2029-03-12,60,Удовлетворительное,Не выполнено,port testing,89,На складе
M00518,cisco_router,2028-08-10,90,Удовлетворительное,Запланировано,thermalpaste replace,79,На складе
M00519,cisco_router,2028-06-25,30,Хорошее,Отложено,port testing,100,В ремонте
M00520,ip_phone,2028-05-25,30,Хорошее,Выполнено,port testing,75,В эксплуатации
M00521,scaner,2028-07-12,90,Плохое,Запланировано,hardware diagnostics,98,На складе
M00522,pc,2028-10-05,90,Плохое,Запланировано,thermalpaste replace,92,В ремонте
M00523,printer,2028-07-21,30,Удовлетворительное,Выполнено,thermalpaste replace,86,В ремонте
M00524,pc,2029-01-05,90,Хорошее,Отложено,dust cleaning,87,В ремонте
M00525,scaner,2029-03-22,30,Хорошее,Не выполнено,error log analysis,84,В ремонте
M00526,pc,2029-03-29,90,Удовлетворительное,Запланировано,port testing,96,В эксплуатации
M00527,printer,2029-02-15,90,Плохое,Выполнено,port testing,94,На складе
M00528,pc,2028-08-31,30,Удовлетворительное,Отложено,dust cleaning,81,На складе
M00529,nas,2028-11-07,60,Удовлетворительное,Запланировано,error log analysis,90,В эксплуатации
M00530,printer,2029-03-05,30,Удовлетворительное,Не выполнено,software update,86,В ремонте
M00531,scaner,2028-10-25,30,Плохое,Отложено,hardware diagnostics,95,В ремонте
M00532,cisco_router,2028-07-19,90,Плохое,Выполнено,hardware diagnostics,87,В ремонте
M00533,ip_phone,2028-06-18,30,Плохое,Не выполнено,hardware diagnostics,96,В эксплуатации
M00534,cisco_router,2029-02-28,30,Хорошее,Выполнено,thermalpaste replace,76,В ремонте
M00535,nas,2028-11-05,90,Хорошее,Отложено,dust cleaning,91,В эксплуатации
M00536,pc,2028-08-01,60,Удовлетворительное,Не выполнено,port testing,81,В эксплуатации
M00537,scaner,2028-12-29,90,Хорошее,Отложено,port testing,95,На складе
M00538,pc,2029-01-17,30,Удовлетворительное,Выполнено,software update,79,На складе
M00539,scaner,2029-01-09,60,Плохое,Выполнено,hardware diagnostics,85,В ремонте
M00540,nas,2028-08-19,60,Плохое,Не выполнено,error log analysis,78,На складе
M00541,ip_phone,2029-02-21,60,Плохое,Не выполнено,error log analysis,99,В ремонте
M00542,pc,2029-05-10,30,Хорошее,Выполнено,hardware diagnostics,96,В ремонте
M00543,ip_phone,2028-07-28,30,Плохое,Не выполнено,hardware diagnostics,78,В эксплуатации
M00544,nas,2029-06-03,30,Хорошее,Выполнено,software update,87,В ремонте
M00545,cisco_switch,2028-10-15,60,Плохое,Отложено,hardware diagnostics,91,В ремонте
M00546,ip_phone,2029-05-27,60,Удовлетворительное,Выполнено,dust cleaning,84,В эксплуатации
M00547,printer,2028-09-24,90,Удовлетворительное,Запланировано,port testing,91,В эксплуатации
M00548,printer,2028-12-05,60,Плохое,Не выполнено,port testing,86,В эксплуатации
M00549,nas,2029-03-03,90,Удовлетворительное,Отложено,error log analysis,85,В ремонте
M00550,nas,2029-02-20,90,Плохое,Выполнено,port testing,99,На складе
M00551,printer,2028-11-03,90,Удовлетворительное,Отложено,software update,92,В эксплуатации
M00552,ip_phone,2029-06-03,90,Удовлетворительное,Отложено,thermalpaste replace,88,В эксплуатации
M00553,scaner,2029-04-30,30,Хорошее,Не выполнено,dust cleaning,80,В ремонте
M00554,pc,2029-04-15,30,Хорошее,Не выполнено,error log analysis,84,В ремонте
M00555,ip_phone,2028-11-19,30,Плохое,Не выполнено,error log analysis,77,На складе
M00556,printer,2028-12-31,60,Удовлетворительное,Не выполнено,hardware diagnostics,87,В ремонте
M00557,printer,2028-08-27,90,Плохое,Отложено,software update,78,В эксплуатации
M00558,cisco_router,2029-03-14,60,Хорошее,Запланировано,error log analysis,89,На складе
M00559,cisco_router,2029-05-27,30,Плохое,Отложено,hardware diagnostics,83,На складе
M00560,pc,2028-09-07,60,Плохое,Не выполнено,dust cleaning,78,В эксплуатации
M00561,nas,2029-04-25,30,Удовлетворительное,Не выполнено,dust cleaning,94,В эксплуатации
M00562,cisco_router,2029-01-14,60,Хорошее,Выполнено,error log analysis,82,В ремонте
M00563,scaner,2029-05-30,90,Удовлетворительное,Не выполнено,error log analysis,83,В эксплуатации
M00564,cisco_switch,2029-05-08,30,Хорошее,Не выполнено,dust cleaning,75,В эксплуатации
M00565,cisco_switch,2028-12-21,60,Плохое,Выполнено,thermalpaste replace,82,В эксплуатации
M00566,printer,2028-09-16,30,Удовлетворительное,Запланировано,port testing,76,В ремонте
M00567,cisco_router,2029-02-20,90,Плохое,Выполнено,thermalpaste replace,90,На складе
M00568,nas,2028-10-17,60,Плохое,Запланировано,dust cleaning,96,В ремонте
M00569,ip_phone,2028-09-20,90,Удовлетворительное,Запланировано,thermalpaste replace,95,В эксплуатации
M00570,cisco_switch,2029-04-06,90,Удовлетворительное,Отложено,thermalpaste replace,89,В эксплуатации
M00571,nas,2029-08-22,90,Удовлетворительное,Не выполнено,software update,79,На складе
M00572,pc,2029-06-28,30,Плохое,Отложено,thermalpaste replace,100,В ремонте
M00573,cisco_switch,2028-12-08,60,Удовлетворительное,Запланировано,port testing,95,На складе
M00574,cisco_router,2028-09-19,90,Хорошее,Выполнено,software update,97,В эксплуатации
M00575,cisco_switch,2029-02-02,30,Плохое,Отложено,error log analysis,76,В эксплуатации
M00576,ip_phone,2029-05-21,90,Удовлетворительное,Отложено,thermalpaste replace,88,В эксплуатации
M00577,pc,2029-04-01,90,Плохое,Выполнено,hardware diagnostics,76,В ремонте
M00578,pc,2029-05-31,90,Плохое,Выполнено,software update,89,В эксплуатации
M00579,ip_phone,2029-01-09,90,Удовлетворительное,Выполнено,thermalpaste replace,91,На складе
M00580,cisco_router,2029-04-15,90,Удовлетворительное,Не выполнено,thermalpaste replace,82,На складе
M00581,printer,2029-02-21,30,Плохое,Отложено,error log analysis,90,На складе
M00582,cisco_switch,2028-10-27,30,Хорошее,Не выполнено,dust cleaning,97,В эксплуатации
M00583,scaner,2029-03-10,30,Удовлетворительное,Запланировано,error log analysis,80,На складе
M00584,cisco_router,2029-05-21,90,Плохое,Не выполнено,error log analysis,94,В ремонте
M00585,scaner,2029-09-16,30,Хорошее,Запланировано,error log analysis,92,На складе
M00586,ip_phone,2029-08-11,90,Хорошее,Запланировано,dust cleaning,89,На складе
M00587,scaner,2029-01-12,90,Удовлетворительное,Выполнено,dust cleaning,76,На складе
M00588,ip_phone,2029-05-16,90,Удовлетворительное,Запланировано,software update,85,В ремонте
M00589,pc,2029-09-25,90,Плохое,Запланировано,port testing,94,На складе
M00590,cisco_switch,2029-01-17,60,Плохое,Отложено,error log analysis,79,На складе
M00591,cisco_switch,2029-06-29,60,Удовлетворительное,Выполнено,software update,77,В эксплуатации
M00592,printer,2029-08-28,30,Плохое,Выполнено,hardware diagnostics,84,В эксплуатации
M00593,cisco_router,2029-07-11,90,Удовлетворительное,Отложено,hardware diagnostics,86,На складе
M00594,nas,2029-02-14,30,Хорошее,Не выполнено,hardware diagnostics,78,В ремонте
M00595,nas,2029-05-08,60,Удовлетворительное,Отложено,dust cleaning,75,На складе
M00596,ip_phone,2029-04-08,60,Плохое,Выполнено,error log analysis,82,В эксплуатации
M00597,cisco_switch,2029-09-01,90,Хорошее,Не выполнено,dust cleaning,85,В ремонте
M00598,cisco_router,2029-04-01,60,Плохое,Отложено,port testing,85,На складе
M00599,ip_phone,2029-05-27,90,Плохое,Отложено,error log analysis,83,В ремонте
M00600,printer,2029-03-27,90,Плохое,Не выполнено,hardware diagnostics,98,На складе
M00601,pc,2029-10-25,30,Плохое,Отложено,error log analysis,97,На складе
M00602,printer,2029-03-02,30,Удовлетворительное,Не выполнено,port testing,82,На складе
M00603,printer,2029-08-08,90,Удовлетворительное,Отложено,dust cleaning,80,В ремонте
M00604,nas,2029-01-27,60,Плохое,Запланировано,port testing,78,На складе
M00605,cisco_switch,2029-03-28,90,Плохое,Не выполнено,software update,84,В ремонте
M00606,scaner,2029-06-11,60,Плохое,Запланировано,hardware diagnostics,75,В эксплуатации
M00607,cisco_switch,2029-04-11,90,Плохое,Не выполнено,hardware diagnostics,91,На складе
M00608,cisco_router,2029-04-17,90,Удовлетворительное,Не выполнено,hardware diagnostics,88,В эксплуатации
M00609,ip_phone,2029-02-22,30,Хорошее,Отложено,hardware diagnostics,77,В эксплуатации
M00610,pc,2029-11-28,90,Удовлетворительное,Выполнено,thermalpaste replace,93,В эксплуатации
M00611,ip_phone,2029-12-20,90,Удовлетворительное,Запланировано,error log analysis,94,В эксплуатации
M00612,printer,2029-02-12,30,Плохое,Запланировано,thermalpaste replace,87,На складе
M00613,scaner,2029-07-27,30,Хорошее,Отложено,software update,85,На складе
M00614,pc,2029-10-27,60,Хорошее,Отложено,error log analysis,100,В ремонте
M00615,pc,2029-07-19,30,Хорошее,Не выполнено,error log analysis,99,В эксплуатации
M00616,ip_phone,2029-02-14,60,Удовлетворительное,Запланировано,port testing,98,На складе
M00617,printer,2029-10-25,60,Хорошее,Запланировано,error log analysis,98,На складе
M00618,pc,2029-01-31,60,Плохое,Не выполнено,hardware diagnostics,93,В эксплуатации
M00619,cisco_router,2030-01-14,30,Удовлетворительное,Запланировано,dust cleaning,81,На складе
M00620,cisco_router,2029-07-10,60,Хорошее,Выполнено,error log analysis,84,В эксплуатации
M00621,cisco_switch,2029-09-25,60,Удовлетворительное,Не выполнено,error log analysis,94,В эксплуатации
M00622,nas,2029-12-20,60,Хорошее,Запланировано,dust cleaning,92,В ремонте
M00623,cisco_router,2029-09-10,90,Удовлетворительное,Запланировано,error log analysis,100,На складе
M00624,cisco_router,2029-12-31,30,Плохое,Отложено,port testing,86,В эксплуатации
M00625,ip_phone,2029-09-03,30,Хорошее,Выполнено,software update,94,На складе
M00626,nas,2029-12-31,90,Плохое,Запланировано,thermalpaste replace,86,На складе
M00627,cisco_switch,2029-04-07,30,Удовлетворительное,Выполнено,dust cleaning,76,В эксплуатации
M00628,scaner,2029-03-16,60,Удовлетворительное,Не выполнено,error log analysis,96,В ремонте
M00629,nas,2029-03-02,60,Удовлетворительное,Не выполнено,dust cleaning,99,В эксплуатации
M00630,cisco_switch,2029-11-19,60,Плохое,Выполнено,port testing,87,В ремонте
M00631,nas,2029-03-26,30,Хорошее,Запланировано,hardware diagnostics,86,В эксплуатации
M00632,nas,2029-07-18,90,Хорошее,Отложено,error log analysis,83,В ремонте
M00633,ip_phone,2029-07-27,30,Удовлетворительное,Выполнено,hardware diagnostics,83,На складе
M00634,cisco_router,2030-01-14,30,Удовлетворительное,Отложено,dust cleaning,81,В эксплуатации
M00635,cisco_switch,2029-07-24,30,Удовлетворительное,Отложено,software update,77,На складе
M00636,nas,2029-05-26,60,Плохое,Отложено,thermalpaste replace,91,В ремонте
M00637,cisco_switch,2029-11-04,60,Хорошее,Запланировано,thermalpaste replace,77,На складе
M00638,ip_phone,2029-03-25,90,Плохое,Отложено,thermalpaste replace,92,На складе
M00639,pc,2029-11-24,30,Хорошее,Запланировано,hardware diagnostics,79,В ремонте
M00640,ip_phone,2029-04-23,90,Удовлетворительное,Отложено,hardware diagnostics,98,В эксплуатации
M00641,cisco_router,2029-04-12,60,Хорошее,Не выполнено,dust cleaning,92,В ремонте
M00642,printer,2030-01-18,60,Удовлетворительное,Выполнено,error log analysis,86,В ремонте
M00643,nas,2030-02-25,90,Удовлетворительное,Отложено,hardware diagnostics,82,В ремонте
M00644,cisco_switch,2029-05-27,60,Хорошее,Выполнено,port testing,94,В эксплуатации
M00645,cisco_router,2029-04-17,30,Плохое,Отложено,port testing,78,В ремонте
M00646,ip_phone,2029-08-22,90,Плохое,Запланировано,port testing,79,В эксплуатации
M00647,cisco_switch,2029-10-10,90,Плохое,Не выполнено,thermalpaste replace,98,В эксплуатации
M00648,scaner,2029-11-09,30,Хорошее,Отложено,hardware diagnostics,86,В ремонте
M00649,scaner,2029-07-15,60,Плохое,Запланировано,thermalpaste replace,75,В эксплуатации
M00650,cisco_router,2029-07-23,90,Плохое,Не выполнено,dust cleaning,97,В ремонте
M00651,nas,2029-06-03,90,Плохое,Не выполнено,dust cleaning,89,На складе
M00652,ip_phone,2029-11-22,30,Хорошее,Запланировано,error log analysis,81,На складе
M00653,cisco_router,2030-02-01,60,Хорошее,Выполнено,dust cleaning,78,В эксплуатации
M00654,nas,2029-12-06,30,Хорошее,Отложено,software update,94,На складе
M00655,ip_phone,2029-07-26,30,Хорошее,Отложено,thermalpaste replace,90,В эксплуатации
M00656,printer,2029-07-17,90,Хорошее,Не выполнено,dust cleaning,84,В ремонте
M00657,cisco_router,2029-07-11,60,Удовлетворительное,Отложено,dust cleaning,100,На складе
M00658,printer,2029-05-22,90,Плохое,Запланировано,port testing,95,В эксплуатации
M00659,nas,2029-10-08,30,Плохое,Запланировано,software update,91,На складе
M00660,nas,2030-02-26,30,Хорошее,Отложено,error log analysis,84,В эксплуатации
M00661,ip_phone,2030-04-23,90,Хорошее,Отложено,thermalpaste replace,86,В эксплуатации
M00662,nas,2030-01-30,30,Удовлетворительное,Отложено,hardware diagnostics,97,В ремонте
M00663,cisco_router,2030-05-17,30,Удовлетворительное,Выполнено,hardware diagnostics,83,На складе
M00664,scaner,2029-06-05,60,Плохое,Выполнено,port testing,93,В ремонте
M00665,cisco_switch,2029-07-25,30,Хорошее,Не выполнено,dust cleaning,96,В ремонте
M00666,ip_phone,2030-03-30,30,Удовлетворительное,Не выполнено,port testing,92,На складе
M00667,ip_phone,2029-08-28,90,Хорошее,Выполнено,dust cleaning,85,В ремонте
M00668,nas,2030-02-18,30,Удовлетворительное,Запланировано,dust cleaning,86,В ремонте
M00669,cisco_router,2029-08-10,60,Хорошее,Запланировано,error log analysis,75,В эксплуатации
M00670,scaner,2029-12-06,90,Хорошее,Выполнено,port testing,94,В ремонте
M00671,pc,2029-08-19,30,Плохое,Выполнено,error log analysis,76,В ремонте
M00672,printer,2029-07-17,90,Плохое,Отложено,hardware diagnostics,84,В эксплуатации
M00673,nas,2030-01-05,30,Удовлетворительное,Отложено,thermalpaste replace,92,В ремонте
M00674,printer,2030-04-20,90,Удовлетворительное,Не выполнено,hardware diagnostics,94,На складе
M00675,ip_phone,2029-10-19,60,Плохое,Выполнено,error log analysis,82,В эксплуатации
M00676,scaner,2030-01-03,90,Плохое,Выполнено,thermalpaste replace,93,В эксплуатации
M00677,cisco_router,2030-04-30,30,Удовлетворительное,Выполнено,thermalpaste replace,82,В ремонте
M00678,nas,2030-03-17,60,Хорошее,Запланировано,error log analysis,96,На складе
M00679,ip_phone,2029-12-27,90,Хорошее,Запланировано,error log analysis,93,В ремонте
M00680,ip_phone,2029-11-03,60,Плохое,Отложено,dust cleaning,89,На складе
M00681,nas,2029-09-30,90,Плохое,Запланировано,thermalpaste replace,80,В ремонте
M00682,cisco_switch,2029-12-30,90,Удовлетворительное,Запланировано,thermalpaste replace,86,В эксплуатации
M00683,cisco_router,2030-05-02,60,Плохое,Запланировано,error log analysis,92,В эксплуатации
M00684,scaner,2030-04-26,90,Удовлетворительное,Запланировано,hardware diagnostics,94,На складе
M00685,pc,2029-10-16,60,Хорошее,Не выполнено,thermalpaste replace,96,На складе
M00686,nas,2030-03-13,90,Удовлетворительное,Выполнено,software update,87,В эксплуатации
M00687,cisco_router,2030-05-05,60,Удовлетворительное,Не выполнено,thermalpaste replace,94,На складе
M00688,scaner,2030-03-04,60,Удовлетворительное,Выполнено,software update,88,В ремонте
M00689,nas,2029-12-21,30,Хорошее,Запланировано,thermalpaste replace,79,В ремонте
M00690,nas,2029-12-31,90,Плохое,Отложено,error log analysis,83,На складе
M00691,printer,2030-01-12,30,Плохое,Отложено,software update,76,В эксплуатации
M00692,printer,2030-07-27,90,Плохое,Не выполнено,dust cleaning,83,В ремонте
M00693,scaner,2030-05-05,30,Хорошее,Выполнено,dust cleaning,91,В эксплуатации
M00694,scaner,2029-11-21,90,Удовлетворительное,Не выполнено,dust cleaning,100,На складе
M00695,printer,2029-11-01,60,Плохое,Отложено,thermalpaste replace,90,В ремонте
M00696,printer,2029-11-23,60,Удовлетворительное,Запланировано,port testing,94,В эксплуатации
M00697,pc,2029-10-13,60,Хорошее,Не выполнено,port testing,97,В эксплуатации
M00698,nas,2030-04-13,30,Удовлетворительное,Запланировано,port testing,84,В эксплуатации
M00699,ip_phone,2029-09-22,90,Удовлетворительное,Не выполнено,thermalpaste replace,83,В ремонте
M00700,nas,2029-09-24,90,Хорошее,Выполнено,software update,76,В эксплуатации
M00701,cisco_router,2030-06-12,60,Удовлетворительное,Запланировано,dust cleaning,87,В ремонте
M00702,ip_phone,2030-01-22,30,Хорошее,Отложено,software update,86,На складе
M00703,scaner,2030-08-27,30,Плохое,Не выполнено,thermalpaste replace,95,В эксплуатации
M00704,scaner,2030-01-22,30,Плохое,Отложено,dust cleaning,83,На складе
M00705,nas,2029-10-23,90,Хорошее,Не выполнено,port testing,80,В эксплуатации
M00706,nas,2029-11-29,90,Плохое,Не выполнено,hardware diagnostics,75,В эксплуатации
M00707,ip_phone,2030-03-24,60,Хорошее,Не выполнено,hardware diagnostics,84,На складе
M00708,nas,2030-03-03,60,Плохое,Выполнено,hardware diagnostics,75,В ремонте
M00709,cisco_router,2029-12-20,60,Плохое,Выполнено,hardware diagnostics,91,В ремонте
M00710,cisco_router,2030-05-16,30,Удовлетворительное,Запланировано,error log analysis,82,На складе
M00711,cisco_switch,2030-07-19,30,Плохое,Запланировано,port testing,76,На складе
M00712,nas,2030-09-15,60,Хорошее,Выполнено,dust cleaning,80,На складе
M00713,scaner,2029-12-28,90,Удовлетворительное,Запланировано,hardware diagnostics,77,В эксплуатации
M00714,nas,2029-12-01,90,Хорошее,Не выполнено,hardware diagnostics,78,В эксплуатации
M00715,pc,2030-03-09,90,Плохое,Отложено,port testing,78,В ремонте
M00716,scaner,2030-02-18,60,Удовлетворительное,Запланировано,thermalpaste replace,93,В эксплуатации
M00717,cisco_switch,2030-01-31,90,Удовлетворительное,Запланировано,thermalpaste replace,90,В ремонте
M00718,cisco_switch,2030-08-17,90,Удовлетворительное,Не выполнено,hardware diagnostics,81,В эксплуатации
M00719,cisco_switch,2030-10-08,90,Плохое,Выполнено,port testing,80,В ремонте
M00720,printer,2030-06-05,30,Хорошее,Выполнено,software update,84,На складе
M00721,pc,2030-05-20,90,Удовлетворительное,Запланировано,error log analysis,97,На складе
M00722,cisco_router,2030-04-10,60,Хорошее,Отложено,software update,80,В ремонте
M00723,nas,2030-08-10,60,Плохое,Не выполнено,hardware diagnostics,91,В эксплуатации
M00724,scaner,2030-11-07,30,Удовлетворительное,Отложено,dust cleaning,93,В эксплуатации
M00725,printer,2030-06-21,30,Удовлетворительное,Отложено,port testing,98,В эксплуатации
M00726,cisco_router,2030-10-14,30,Хорошее,Выполнено,error log analysis,96,На складе
M00727,scaner,2030-08-07,90,Плохое,Запланировано,thermalpaste replace,84,В эксплуатации
M00728,cisco_switch,2030-02-28,90,Плохое,Отложено,dust cleaning,100,В ремонте
M00729,pc,2030-08-15,90,Плохое,Запланировано,port testing,86,В эксплуатации
M00730,nas,2030-10-09,30,Хорошее,Не выполнено,dust cleaning,94,В эксплуатации
M00731,scaner,2030-06-16,60,Хорошее,Запланировано,dust cleaning,94,В эксплуатации
M00732,printer,2030-10-20,60,Удовлетворительное,Выполнено,error log analysis,90,На складе
M00733,cisco_router,2030-01-07,30,Хорошее,Выполнено,port testing,89,На складе
M00734,printer,2030-06-19,90,Удовлетворительное,Отложено,hardware diagnostics,92,В ремонте
M00735,scaner,2030-08-14,30,Хорошее,Выполнено,port testing,89,В эксплуатации
M00736,printer,2030-07-20,60,Удовлетворительное,Отложено,software update,91,На складе
M00737,cisco_switch,2030-04-02,60,Хорошее,Не выполнено,port testing,96,В эксплуатации
M00738,scaner,2030-05-06,60,Удовлетворительное,Выполнено,port testing,90,В ремонте
M00739,nas,2030-07-08,60,Хорошее,Выполнено,hardware diagnostics,83,В ремонте
M00740,cisco_router,2030-02-13,90,Удовлетворительное,Запланировано,hardware diagnostics,79,В ремонте
M00741,nas,2030-09-08,60,Удовлетворительное,Выполнено,dust cleaning,89,В эксплуатации
M00742,pc,2030-12-24,90,Удовлетворительное,Отложено,error log analysis,85,В эксплуатации
M00743,cisco_router,2030-03-23,30,Хорошее,Не выполнено,hardware diagnostics,94,В эксплуатации
M00744,nas,2030-08-16,30,Хорошее,Отложено,dust cleaning,84,В эксплуатации
M00745,cisco_switch,2030-05-30,60,Хорошее,Отложено,thermalpaste replace,82,На складе
M00746,ip_phone,2030-12-13,30,Плохое,Выполнено,error log analysis,79,На складе
M00747,cisco_router,2030-04-18,60,Хорошее,Запланировано,software update,84,В эксплуатации
M00748,nas,2030-12-16,90,Хорошее,Не выполнено,error log analysis,90,На складе
M00749,pc,2030-12-02,90,Хорошее,Отложено,software update,90,На складе
M00750,cisco_router,2030-04-11,30,Хорошее,Не выполнено,software update,97,На складе
M00751,ip_phone,2030-09-03,60,Удовлетворительное,Запланировано,error log analysis,90,В эксплуатации
M00752,pc,2031-02-05,90,Плохое,Не выполнено,software update,79,В ремонте
M00753,cisco_switch,2030-08-22,30,Удовлетворительное,Отложено,error log analysis,83,На складе
M00754,nas,2030-05-29,90,Хорошее,Отложено,dust cleaning,93,В эксплуатации
M00755,ip_phone,2030-10-07,60,Хорошее,Выполнено,error log analysis,79,В ремонте
M00756,nas,2030-06-18,30,Удовлетворительное,Не выполнено,error log analysis,84,В эксплуатации
M00757,ip_phone,2030-11-14,60,Хорошее,Запланировано,error log analysis,92,В ремонте
M00758,cisco_switch,2030-08-16,30,Удовлетворительное,Не выполнено,software update,90,В эксплуатации
M00759,scaner,2030-04-16,90,Удовлетворительное,Запланировано,thermalpaste replace,84,В эксплуатации
M00760,cisco_switch,2030-06-24,90,Удовлетворительное,Выполнено,hardware diagnostics,89,На складе
M00761,nas,2030-05-09,90,Хорошее,Выполнено,thermalpaste replace,84,В эксплуатации
M00762,scaner,2030-12-20,60,Плохое,Отложено,hardware diagnostics,86,В эксплуатации
M00763,pc,2030-10-30,90,Плохое,Не выполнено,error log analysis,90,На складе
M00764,pc,2030-09-01,90,Плохое,Отложено,hardware diagnostics,91,На складе
M00765,cisco_router,2030-10-28,60,Удовлетворительное,Выполнено,thermalpaste replace,91,На складе
M00766,printer,2030-04-15,30,Хорошее,Выполнено,hardware diagnostics,84,В ремонте
M00767,cisco_switch,2030-09-20,60,Удовлетворительное,Не выполнено,error log analysis,96,В ремонте
M00768,ip_phone,2031-03-05,90,Удовлетворительное,Отложено,port testing,96,В эксплуатации
M00769,cisco_router,2030-07-09,60,Удовлетворительное,Запланировано,thermalpaste replace,96,На складе
M00770,cisco_router,2030-08-03,30,Удовлетворительное,Выполнено,dust cleaning,86,В эксплуатации
M00771,ip_phone,2030-09-12,30,Плохое,Выполнено,software update,87,В эксплуатации
M00772,scaner,2030-11-07,90,Плохое,Запланировано,software update,99,В ремонте
M00773,cisco_router,2030-06-24,60,Плохое,Отложено,dust cleaning,85,В эксплуатации
M00774,printer,2030-07-13,60,Хорошее,Не выполнено,port testing,90,В ремонте
M00775,pc,2031-03-09,30,Плохое,Не выполнено,error log analysis,79,В ремонте
M00776,pc,2030-05-20,60,Плохое,Отложено,error log analysis,76,В эксплуатации
M00777,cisco_router,2031-03-13,90,Удовлетворительное,Не выполнено,port testing,83,В ремонте
M00778,pc,2031-02-26,90,Хорошее,Выполнено,error log analysis,100,На складе
M00779,scaner,2030-11-16,60,Удовлетворительное,Отложено,error log analysis,95,В ремонте
M00780,cisco_switch,2031-02-19,90,Плохое,Отложено,error log analysis,94,На складе
M00781,pc,2031-01-01,90,Плохое,Отложено,port testing,97,На складе
M00782,scaner,2030-05-13,60,Хорошее,Не выполнено,thermalpaste replace,93,На складе
M00783,cisco_router,2030-06-22,30,Плохое,Запланировано,port testing,96,В эксплуатации
M00784,ip_phone,2030-08-22,30,Хорошее,Запланировано,error log analysis,87,В ремонте
M00785,printer,2030-09-21,90,Хорошее,Запланировано,port testing,93,В ремонте
M00786,scaner,2031-05-11,90,Хорошее,Выполнено,port testing,92,На складе
M00787,pc,2030-12-31,30,Удовлетворительное,Отложено,thermalpaste replace,94,В ремонте
M00788,cisco_router,2031-02-14,90,Удовлетворительное,Выполнено,dust cleaning,87,На складе
M00789,printer,2030-10-29,90,Удовлетворительное,Запланировано,dust cleaning,95,В ремонте
M00790,ip_phone,2030-10-09,90,Хорошее,Не выполнено,error log analysis,79,В ремонте
M00791,scaner,2030-12-19,60,Удовлетворительное,Выполнено,error log analysis,75,На складе
M00792,cisco_router,2030-08-15,60,Плохое,Запланировано,hardware diagnostics,82,В ремонте
M00793,pc,2030-10-10,90,Хорошее,Выполнено,thermalpaste replace,76,На складе
M00794,ip_phone,2030-07-02,90,Плохое,Выполнено,error log analysis,98,В эксплуатации
M00795,printer,2031-04-20,90,Удовлетворительное,Выполнено,error log analysis,76,В ремонте
M00796,pc,2031-02-22,30,Удовлетворительное,Выполнено,thermalpaste replace,98,На складе
M00797,printer,2030-06-20,90,Хорошее,Выполнено,dust cleaning,81,На складе
M00798,ip_phone,2031-04-04,60,Хорошее,Отложено,dust cleaning,85,На складе
M00799,pc,2031-02-12,30,Плохое,Запланировано,error log analysis,75,На складе
M00800,scaner,2030-10-13,60,Хорошее,Отложено,thermalpaste replace,97,В ремонте
M00801,nas,2030-10-17,90,Удовлетворительное,Выполнено,thermalpaste replace,77,В эксплуатации
M00802,pc,2031-06-13,30,Хорошее,Не выполнено,thermalpaste replace,97,В эксплуатации
M00803,scaner,2030-12-09,30,Плохое,Запланировано,thermalpaste replace,82,На складе
M00804,pc,2031-02-24,90,Удовлетворительное,Отложено,error log analysis,81,В эксплуатации
M00805,cisco_router,2030-09-16,90,Плохое,Запланировано,dust cleaning,86,В эксплуатации
M00806,nas,2030-10-24,30,Удовлетворительное,Выполнено,thermalpaste replace,94,В эксплуатации
M00807,nas,2030-09-22,90,Хорошее,Не выполнено,thermalpaste replace,82,В ремонте
M00808,scaner,2030-11-27,60,Плохое,Запланировано,dust cleaning,82,На складе
M00809,printer,2030-09-29,60,Плохое,Запланировано,software update,96,На складе
M00810,pc,2030-10-31,30,Хорошее,Не выполнено,software update,94,В ремонте
M00811,printer,2030-08-03,90,Хорошее,Отложено,software update,84,В ремонте
M00812,cisco_switch,2030-12-03,60,Хорошее,Не выполнено,thermalpaste replace,80,В эксплуатации
M00813,nas,2031-04-11,30,Удовлетворительное,Не выполнено,dust cleaning,89,На складе
M00814,cisco_switch,2030-08-25,90,Удовлетворительное,Отложено,hardware diagnostics,94,На складе
M00815,ip_phone,2030-09-26,30,Плохое,Отложено,port testing,85,На складе
M00816,scaner,2030-10-21,60,Плохое,Запланировано,port testing,88,На складе
M00817,scaner,2030-10-01,60,Плохое,Выполнено,port testing,85,В эксплуатации
M00818,printer,2031-04-05,90,Удовлетворительное,Не выполнено,dust cleaning,75,В эксплуатации
M00819,scaner,2030-09-05,90,Хорошее,Не выполнено,hardware diagnostics,84,В ремонте
M00820,cisco_switch,2031-06-24,60,Плохое,Отложено,port testing,100,На складе
M00821,cisco_switch,2031-08-11,90,Удовлетворительное,Не выполнено,software update,90,На складе
M00822,cisco_router,2031-07-06,90,Плохое,Отложено,error log analysis,92,В ремонте
M00823,cisco_router,2031-03-18,90,Удовлетворительное,Запланировано,dust cleaning,83,В эксплуатации
M00824,nas,2030-10-10,60,Хорошее,Не выполнено,thermalpaste replace,75,В эксплуатации
M00825,cisco_router,2030-11-22,30,Плохое,Не выполнено,thermalpaste replace,93,В эксплуатации
M00826,scaner,2031-08-09,90,Плохое,Отложено,thermalpaste replace,96,В ремонте
M00827,printer,2031-09-02,30,Плохое,Выполнено,port testing,92,На складе
M00828,scaner,2031-07-10,60,Удовлетворительное,Отложено,error log analysis,83,В ремонте
M00829,scaner,2031-06-03,90,Плохое,Выполнено,error log analysis,82,В эксплуатации
M00830,nas,2031-04-20,30,Хорошее,Выполнено,port testing,96,На складе
M00831,scaner,2030-10-06,90,Удовлетворительное,Не выполнено,hardware diagnostics,99,В эксплуатации
M00832,nas,2031-01-23,30,Хорошее,Не выполнено,software update,80,В ремонте
M00833,ip_phone,2031-04-05,60,Удовлетворительное,Не выполнено,error log analysis,78,На складе
M00834,scaner,2030-10-17,90,Плохое,Не выполнено,software update,79,В ремонте
M00835,cisco_router,2031-07-26,60,Хорошее,Отложено,thermalpaste replace,80,В ремонте
M00836,scaner,2031-08-04,30,Удовлетворительное,Выполнено,thermalpaste replace,79,На складе
M00837,ip_phone,2031-04-17,30,Хорошее,Запланировано,software update,88,На складе
M00838,cisco_switch,2031-04-28,60,Хорошее,Отложено,error log analysis,81,В эксплуатации
M00839,printer,2031-01-10,60,Плохое,Отложено,error log analysis,77,В эксплуатации
M00840,ip_phone,2031-02-22,60,Удовлетворительное,Запланировано,dust cleaning,76,В ремонте
M00841,nas,2031-08-31,30,Хорошее,Запланировано,error log analysis,89,На складе
M00842,scaner,2031-10-04,30,Удовлетворительное,Не выполнено,hardware diagnostics,96,В ремонте
M00843,ip_phone,2031-07-05,30,Удовлетворительное,Не выполнено,dust cleaning,93,На складе
M00844,nas,2031-03-08,90,Плохое,Отложено,software update,97,В ремонте
M00845,scaner,2031-08-11,90,Удовлетворительное,Выполнено,dust cleaning,84,В ремонте
M00846,ip_phone,2031-09-01,60,Плохое,Запланировано,hardware diagnostics,83,В эксплуатации
M00847,pc,2031-05-01,60,Плохое,Запланировано,thermalpaste replace,99,В ремонте
M00848,cisco_switch,2031-07-27,30,Удовлетворительное,Запланировано,software update,90,В ремонте
M00849,cisco_switch,2031-03-25,30,Удовлетворительное,Выполнено,hardware diagnostics,100,В ремонте
M00850,cisco_router,2031-09-28,30,Удовлетворительное,Запланировано,hardware diagnostics,77,В эксплуатации
M00851,nas,2031-04-06,60,Удовлетворительное,Выполнено,software update,85,На складе
M00852,pc,2031-04-24,60,Хорошее,Не выполнено,error log analysis,91,На складе
M00853,ip_phone,2031-01-15,60,Удовлетворительное,Не выполнено,error log analysis,96,В эксплуатации
M00854,ip_phone,2031-05-24,30,Удовлетворительное,Отложено,error log analysis,86,На складе
M00855,pc,2031-11-07,90,Хорошее,Выполнено,error log analysis,75,В ремонте
M00856,cisco_switch,2031-03-06,30,Удовлетворительное,Отложено,hardware diagnostics,91,На складе
M00857,cisco_switch,2031-08-15,60,Хорошее,Запланировано,port testing,96,В ремонте
M00858,pc,2031-05-27,30,Удовлетворительное,Не выполнено,thermalpaste replace,86,В эксплуатации
M00859,nas,2031-03-19,60,Хорошее,Запланировано,error log analysis,79,В эксплуатации
M00860,printer,2031-01-17,30,Плохое,Запланировано,software update,84,В эксплуатации
M00861,nas,2031-03-14,60,Удовлетворительное,Не выполнено,software update,77,В эксплуатации
M00862,printer,2031-11-01,60,Хорошее,Не выполнено,error log analysis,85,На складе
M00863,cisco_router,2031-10-23,90,Хорошее,Не выполнено,port testing,79,В эксплуатации
M00864,cisco_router,2031-08-15,60,Хорошее,Выполнено,port testing,87,На складе
M00865,scaner,2031-05-06,60,Удовлетворительное,Не выполнено,software update,95,В ремонте
M00866,ip_phone,2031-12-20,90,Плохое,Запланировано,port testing,91,В эксплуатации
M00867,nas,2031-09-22,90,Удовлетворительное,Запланировано,thermalpaste replace,98,В эксплуатации
M00868,scaner,2031-05-07,90,Удовлетворительное,Не выполнено,thermalpaste replace,80,На складе
M00869,pc,2031-05-28,30,Плохое,Не выполнено,thermalpaste replace,90,На складе
M00870,cisco_router,2031-10-08,90,Хорошее,Запланировано,dust cleaning,79,На складе
M00871,ip_phone,2031-04-11,30,Удовлетворительное,Запланировано,port testing,77,На складе
M00872,scaner,2031-10-12,30,Удовлетворительное,Запланировано,hardware diagnostics,92,На складе
M00873,pc,2031-04-08,60,Хорошее,Выполнено,error log analysis,98,В эксплуатации
M00874,printer,2031-07-21,60,Плохое,Запланировано,port testing,77,На складе
M00875,scaner,2031-11-21,30,Плохое,Выполнено,port testing,86,В эксплуатации
M00876,cisco_switch,2031-06-22,30,Плохое,Не выполнено,error log analysis,88,На складе
M00877,cisco_switch,2031-03-01,90,Плохое,Запланировано,dust cleaning,94,В эксплуатации
M00878,nas,2031-08-12,90,Удовлетворительное,Запланировано,thermalpaste replace,81,В ремонте
M00879,ip_phone,2031-03-20,60,Удовлетворительное,Отложено,thermalpaste replace,100,В ремонте
M00880,scaner,2031-08-31,60,Плохое,Отложено,dust cleaning,75,В ремонте
M00881,cisco_router,2031-06-13,90,Удовлетворительное,Не выполнено,dust cleaning,94,В эксплуатации
M00882,cisco_router,2031-12-18,30,Удовлетворительное,Запланировано,software update,76,На складе
M00883,nas,2031-03-19,30,Хорошее,Не выполнено,hardware diagnostics,90,В эксплуатации
M00884,cisco_router,2031-08-27,30,Плохое,Запланировано,port testing,99,На складе
M00885,pc,2032-01-14,90,Хорошее,Запланировано,dust cleaning,97,На складе
M00886,pc,2031-09-08,30,Плохое,Запланировано,hardware diagnostics,80,На складе
M00887,scaner,2031-04-21,90,Удовлетворительное,Отложено,error log analysis,97,На складе
M00888,cisco_switch,2031-10-27,90,Плохое,Не выполнено,dust cleaning,76,На складе
M00889,printer,2032-01-24,90,Хорошее,Отложено,port testing,96,На складе
M00890,scaner,2031-09-16,60,Плохое,Не выполнено,thermalpaste replace,98,В эксплуатации
M00891,cisco_router,2031-11-29,90,Хорошее,Отложено,error log analysis,95,В эксплуатации
M00892,printer,2032-02-01,60,Хорошее,Выполнено,dust cleaning,78,В ремонте
M00893,pc,2031-08-31,30,Плохое,Выполнено,port testing,83,В ремонте
M00894,printer,2032-01-26,60,Плохое,Отложено,software update,91,В ремонте
M00895,pc,2032-02-26,60,Хорошее,Не выполнено,dust cleaning,95,В ремонте
M00896,printer,2031-12-24,60,Хорошее,Отложено,thermalpaste replace,85,В ремонте
M00897,cisco_router,2032-02-02,60,Удовлетворительное,Отложено,software update,86,В ремонте
M00898,cisco_switch,2031-11-24,30,Хорошее,Не выполнено,error log analysis,78,На складе
M00899,printer,2031-08-03,30,Плохое,Не выполнено,software update,85,В эксплуатации
M00900,pc,2031-08-11,30,Плохое,Не выполнено,software update,88,На складе
M00901,ip_phone,2031-08-05,30,Хорошее,Выполнено,port testing,96,В ремонте
M00902,nas,2031-09-13,90,Удовлетворительное,Не выполнено,error log analysis,95,На складе
M00903,scaner,2032-02-01,90,Хорошее,Отложено,dust cleaning,81,На складе
M00904,cisco_switch,2031-07-16,30,Удовлетворительное,Отложено,thermalpaste replace,81,На складе
M00905,ip_phone,2032-04-12,60,Плохое,Отложено,dust cleaning,75,В эксплуатации
M00906,ip_phone,2031-12-01,30,Хорошее,Отложено,software update,78,В эксплуатации
M00907,nas,2031-08-13,60,Плохое,Не выполнено,port testing,84,В ремонте
M00908,nas,2032-05-17,60,Плохое,Не выполнено,error log analysis,82,На складе
M00909,nas,2032-03-04,30,Плохое,Запланировано,port testing,95,На складе
M00910,pc,2031-10-20,30,Хорошее,Запланировано,software update,89,В эксплуатации
M00911,cisco_switch,2032-04-08,60,Хорошее,Выполнено,hardware diagnostics,85,В ремонте
M00912,cisco_router,2031-10-15,60,Удовлетворительное,Запланировано,software update,95,На складе
M00913,nas,2031-12-22,60,Удовлетворительное,Не выполнено,error log analysis,94,На складе
M00914,cisco_switch,2032-03-14,30,Удовлетворительное,Не выполнено,software update,86,На складе
M00915,ip_phone,2031-06-25,30,Хорошее,Отложено,software update,93,На складе
M00916,scaner,2032-02-09,30,Хорошее,Отложено,port testing,92,На складе
M00917,scaner,2032-04-15,90,Плохое,Отложено,thermalpaste replace,93,В эксплуатации
M00918,scaner,2031-10-04,30,Хорошее,Отложено,software update,90,В эксплуатации
M00919,cisco_router,2032-04-07,60,Удовлетворительное,Запланировано,hardware diagnostics,85,В эксплуатации
M00920,nas,2032-01-23,60,Хорошее,Выполнено,port testing,100,В ремонте
M00921,scaner,2031-10-13,90,Удовлетворительное,Не выполнено,port testing,85,В эксплуатации
M00922,ip_phone,2031-10-03,90,Хорошее,Выполнено,error log analysis,96,На складе
M00923,pc,2032-04-30,30,Хорошее,Не выполнено,error log analysis,87,В эксплуатации
M00924,cisco_router,2032-03-27,90,Плохое,Запланировано,hardware diagnostics,89,На складе
M00925,ip_phone,2031-09-10,30,Плохое,Запланировано,software update,85,На складе
M00926,ip_phone,2031-09-23,90,Хорошее,Не выполнено,thermalpaste replace,81,В ремонте
M00927,pc,2031-10-14,60,Плохое,Выполнено,software update,78,В эксплуатации
M00928,ip_phone,2031-11-08,90,Удовлетворительное,Запланировано,port testing,78,В эксплуатации
M00929,scaner,2031-10-31,90,Плохое,Запланировано,thermalpaste replace,90,На складе
M00930,nas,2032-02-14,60,Хорошее,Отложено,port testing,75,В эксплуатации
M00931,cisco_router,2032-06-21,60,Хорошее,Выполнено,hardware diagnostics,99,В эксплуатации
M00932,ip_phone,2032-01-22,60,Плохое,Не выполнено,hardware diagnostics,94,На складе
M00933,cisco_router,2031-12-20,30,Плохое,Запланировано,dust cleaning,87,В эксплуатации
M00934,printer,2032-06-09,30,Удовлетворительное,Не выполнено,error log analysis,83,На складе
M00935,nas,2031-12-01,90,Удовлетворительное,Отложено,hardware diagnostics,92,В ремонте
M00936,scaner,2032-04-18,60,Хорошее,Отложено,software update,80,В эксплуатации
M00937,scaner,2032-05-13,60,Хорошее,Запланировано,dust cleaning,100,На складе
M00938,scaner,2032-01-10,60,Плохое,Запланировано,port testing,97,В ремонте
M00939,cisco_switch,2032-02-21,30,Хорошее,Не выполнено,thermalpaste replace,96,В ремонте
M00940,pc,2032-06-19,30,Хорошее,Отложено,port testing,82,В эксплуатации
M00941,scaner,2032-04-06,90,Хорошее,Запланировано,thermalpaste replace,94,В ремонте
M00942,nas,2032-07-25,60,Хорошее,Выполнено,hardware diagnostics,100,На складе
M00943,cisco_switch,2031-11-17,60,Хорошее,Выполнено,port testing,94,В эксплуатации
M00944,pc,2031-11-29,60,Плохое,Отложено,port testing,94,В эксплуатации
M00945,scaner,2032-01-21,60,Хорошее,Запланировано,dust cleaning,92,В эксплуатации
M00946,nas,2031-11-08,90,Хорошее,Отложено,software update,90,В ремонте
M00947,nas,2032-08-18,60,Хорошее,Отложено,dust cleaning,99,В эксплуатации
M00948,scaner,2031-10-31,60,Хорошее,Выполнено,error log analysis,79,В ремонте
M00949,cisco_switch,2032-04-28,30,Хорошее,Запланировано,software update,86,В эксплуатации
M00950,nas,2031-12-22,90,Плохое,Выполнено,port testing,94,В эксплуатации
M00951,scaner,2032-05-22,90,Плохое,Запланировано,hardware diagnostics,88,На складе
M00952,scaner,2032-08-11,90,Хорошее,Отложено,thermalpaste replace,95,В эксплуатации
M00953,cisco_router,2032-01-30,30,Удовлетворительное,Не выполнено,hardware diagnostics,84,В эксплуатации
M00954,pc,2032-01-16,60,Хорошее,Запланировано,software update,80,В эксплуатации
M00955,ip_phone,2032-06-13,60,Хорошее,Выполнено,software update,96,В эксплуатации
M00956,scaner,2031-11-30,30,Удовлетворительное,Запланировано,error log analysis,90,В ремонте
M00957,printer,2031-10-23,90,Хорошее,Отложено,dust cleaning,94,В ремонте
M00958,cisco_router,2032-08-06,90,Плохое,Выполнено,error log analysis,79,На складе
M00959,pc,2032-07-24,30,Удовлетворительное,Выполнено,error log analysis,91,В эксплуатации
M00960,printer,2032-06-23,60,Плохое,Выполнено,dust cleaning,77,В ремонте
M00961,nas,2032-08-31,30,Плохое,Запланировано,dust cleaning,78,В эксплуатации
M00962,cisco_router,2032-01-05,60,Удовлетворительное,Выполнено,error log analysis,78,В эксплуатации
M00963,cisco_switch,2032-07-16,60,Удовлетворительное,Запланировано,thermalpaste replace,93,В эксплуатации
M00964,cisco_switch,2032-08-01,60,Хорошее,Не выполнено,hardware diagnostics,79,На складе
M00965,cisco_switch,2032-02-12,30,Удовлетворительное,Отложено,software update,80,На складе
M00966,cisco_router,2032-11-01,60,Плохое,Не выполнено,thermalpaste replace,91,В ремонте
M00967,cisco_switch,2032-03-17,90,Хорошее,Отложено,hardware diagnostics,95,В эксплуатации
M00968,printer,2032-01-20,30,Плохое,Запланировано,port testing,86,На складе
M00969,nas,2032-06-17,90,Плохое,Не выполнено,hardware diagnostics,81,В ремонте
M00970,cisco_router,2032-07-10,30,Удовлетворительное,Выполнено,error log analysis,80,На складе
M00971,ip_phone,2032-01-16,60,Удовлетворительное,Не выполнено,dust cleaning,75,На складе
M00972,pc,2032-07-09,90,Хорошее,Выполнено,error log analysis,76,В ремонте
M00973,cisco_switch,2031-12-14,30,Плохое,Отложено,error log analysis,93,На складе
M00974,cisco_switch,2032-11-05,90,Плохое,Не выполнено,error log analysis,97,В эксплуатации
M00975,pc,2032-04-12,30,Плохое,Отложено,port testing,99,В ремонте
M00976,ip_phone,2032-08-26,60,Плохое,Не выполнено,hardware diagnostics,96,В ремонте
M00977,pc,2032-05-26,60,Хорошее,Запланировано,error log analysis,97,На складе
M00978,cisco_switch,2032-06-17,30,Удовлетворительное,Не выполнено,thermalpaste replace,86,На складе
M00979,cisco_router,2032-09-16,60,Хорошее,Выполнено,error log analysis,81,На складе
M00980,cisco_switch,2032-08-19,90,Хорошее,Отложено,thermalpaste replace,85,В эксплуатации
M00981,cisco_switch,2032-01-31,60,Хорошее,Выполнено,dust cleaning,85,На складе
M00982,scaner,2032-06-28,90,Хорошее,Отложено,thermalpaste replace,89,На складе
M00983,cisco_router,2032-03-13,60,Плохое,Отложено,dust cleaning,100,В ремонте
M00984,scaner,2032-04-23,90,Плохое,Выполнено,error log analysis,75,На складе
M00985,scaner,2032-11-24,90,Хорошее,Выполнено,error log analysis,77,В ремонте
M00986,pc,2032-08-03,30,Удовлетворительное,Отложено,port testing,76,В ремонте
M00987,cisco_router,2033-01-13,30,Плохое,Не выполнено,software update,78,На складе
M00988,cisco_router,2032-10-26,60,Удовлетворительное,Отложено,error log analysis,76,В эксплуатации
M00989,printer,2032-12-31,60,Хорошее,Не выполнено,hardware diagnostics,88,В эксплуатации
M00990,nas,2032-09-16,30,Плохое,Отложено,hardware diagnostics,81,В ремонте
M00991,nas,2032-04-07,60,Хорошее,Выполнено,dust cleaning,90,На складе
M00992,nas,2032-03-03,60,Хорошее,Выполнено,hardware diagnostics,89,В эксплуатации
M00993,ip_phone,2032-10-01,60,Плохое,Отложено,dust cleaning,82,В ремонте
M00994,ip_phone,2032-03-16,30,Удовлетворительное,Не выполнено,dust cleaning,99,В ремонте
M00995,ip_phone,2032-04-08,60,Хорошее,Выполнено,dust cleaning,89,В эксплуатации
M00996,nas,2032-05-20,60,Хорошее,Запланировано,thermalpaste replace,91,На складе
M00997,cisco_switch,2032-06-15,30,Хорошее,Отложено,dust cleaning,90,На складе
M00998,scaner,2032-07-19,90,Плохое,Выполнено,port testing,99,На складе
M00999,pc,2032-04-02,30,Удовлетворительное,Выполнено,port testing,88,В эксплуатации
M01000,scaner,2033-01-29,30,Хорошее,Запланировано,port testing,79,В эксплуатации
